Timestamp, SF04Wind_Velocity_Mtr_Sec, SF04Wind_Direction_Variance_Deg, SF04Wind_Direction_Deg, SF04Ambient_Temperature_Deg_C, ISE1, ISE2, SP, DAX, FTSE, NIKKEI, BOVESPA, EU, EM, ??ey, Akureyri, Dalatangi, Gr?mssta?ir, Keflav?k airport, Kirkjub?jarklaustur, Reykjav?k, St?rh?f?i Westman Islands, Stykkish?lmur, Main_Pollutant, AQI_Value,
0, 72.66, 63.09, 4.69, 0.012, 0.035753708, 0.038376187, -0.004679315, 0.002193419, 0.003894376, 0.0, 0.031190229, 0.012698039, 0.028524462, 5.2, 53.2, 2.5, 19.4, 9.6, 15.0, 12.9, -1.821634584E9, 31.0
1, 83.6, 88.6, 4.743, 0.002, 0.025425873, 0.031812743, 0.007786738, 0.008455341, 0.012865611, 0.004162452, 0.01891958, 0.011340652, 0.008772644, 5.8, 26.6, 3.0, 13.9, 8.3, 17.1, 11.4, -1.821634584E9, 37.0
2, 34.34, 193.4, 5.076, 0.0, -0.02886173, -0.026352966, -0.030469134, -0.017833062, -0.028734593, 0.017292932, -0.035898576, -0.017072795, -0.020015412, 7.0, 5.4, 1.9, 26.1, 8.4, 17.2, 22.1, -1.821634584E9, 22.0
3, 67.72, 59.85, 5.151, 0.0, -0.062208079, -0.084715902, 0.003391364, -0.011726277, -4.65999E-4, -0.040061309, 0.028283152, -0.005560959, -0.019423778, 4.0, 40.6, 2.3, 20.9, 17.8, 27.2, 8.8, -1.821634584E9, 46.0
4, 78.95, 96.9, 5.159, 0.0, 0.009859905, 0.009658112, -0.021533208, -0.019872754, -0.012709717, -0.004473502, -0.00976388, -0.010988634, -0.007802212, 23.6, 48.4, 4.1, 6.1, 5.5, 15.0, 6.8, -1.821634584E9, 43.0
5, 91.5, 73.95, 5.291, 0.0, -0.029191028, -0.042361155, -0.022822626, -0.013525735, -0.005025533, -0.049038532, -0.053849474, -0.012451259, -0.022629745, 6.5, 17.4, 3.0, 61.0, 13.2, 26.4, 11.0, -1.821634584E9, 27.0
6, 76.94, 61.81, 5.352, 0.0, 0.015445348, -2.72183E-4, 0.001756552, -0.017673622, -0.006141454, 0.0, 0.00357202, -0.012220196, -0.004827138, 10.7, 63.8, 6.9, 44.3, 12.6, 16.0, 15.1, -1.821634584E9, 35.0
7, 97.3, 50.32, 5.584, 0.0, -0.041167612, -0.03555248, -0.034032484, -0.047383437, -0.050945198, 0.002912354, -0.040301613, -0.045220199, -0.008676646, 8.0, 33.7, 19.6, 53.0, 25.1, 39.4, 8.9, -1.821634584E9, 37.0
8, 90.7, 208.1, 5.534, 0.0, 6.61905E-4, -0.017267844, 0.001328305, -0.019550621, -0.014334659, -0.050447588, 0.030313602, -0.012070424, -0.023428729, 10.9, 92.2, 10.2, 23.0, 18.6, 20.8, 11.0, -1.821634584E9, 35.0
9, 95.4, 18.92, 5.601, 0.0, 0.022037345, 0.032278032, 0.007533126, 0.00679078, 0.006289177, 0.025453186, 0.004866686, 0.008560858, 0.010916893, 5.0, 24.3, 9.4, 28.2, 15.7, 15.8, 11.4, -1.821634584E9, 35.0
10, 89.6, 135.5, 5.649, 0.0, -0.022692465, -0.044348781, -0.054261984, -0.011549904, -0.009351296, 0.003238918, -0.013151015, -0.012045182, -0.004029004, 17.2, 36.8, 2.9, 32.2, 15.0, 24.0, 10.2, -1.821634584E9, 64.0
11, 86.4, 87.2, 5.742, 0.0, -0.013708704, -0.029661366, 0.0, -0.017833593, -0.004170789, -0.023411498, -0.040899261, -0.015088013, -0.024107193, 23.1, 20.1, 12.6, 39.6, 14.2, 37.7, 11.6, -1.821634584E9, 41.0
12, 89.2, 104.1, 6.077, 0.0, 8.64697E-4, 0.00152943, 0.042572033, 0.005011186, -0.007728867, -0.020561328, 0.033532127, -0.003338563, -0.005092242, 8.9, 69.6, 4.0, 55.7, 13.3, 34.3, 28.8, -1.821634584E9, 52.0
13, 60.77, 69.15, 6.165, 0.0, -0.00381506, 0.005043164, -0.015278458, -0.009841399, -0.001898399, 0.018817884, -0.016981713, -0.00655222, -0.003227249, 10.7, 22.3, 4.1, 23.0, 4.9, 18.4, 5.6, -1.821634584E9, 72.0
14, 71.83, 86.9, 6.167, 0.0, 0.00566126, -0.010007954, 0.005363236, -0.009640052, 7.4E-5, -0.038808465, 0.006261036, -0.003620056, -0.008077319, 21.6, 41.4, 2.4, 14.2, 13.7, 20.2, 10.8, -1.821634584E9, 62.0
15, 90.8, 200.0, 6.361, 0.0, 0.046831302, 0.061708176, 0.005537856, 0.034786791, 0.037891115, -0.008181598, 0.009838156, 0.032799581, 0.010319685, 9.9, 17.9, 3.6, 29.0, 3.2, 11.2, 1.2, -1.821634584E9, 51.0
16, 88.2, 185.4, 6.237, 0.0, -0.006634978, 0.01094866, 0.010866312, -7.97661E-4, -0.003474788, 0.048148148, 0.00492178, -0.002641806, 0.006344498, 5.2, 22.4, 1.5, 49.6, 17.5, 29.2, 6.0, -1.821634584E9, 43.0
17, 88.0, 116.5, 6.552, 0.0, 0.034566982, 0.03587086, 0.033006834, 0.044182012, 0.023747818, 0.005594001, 0.038724652, 0.0299742, 0.022104103, 1.7, 16.4, 4.7, 36.8, 9.5, 16.6, 4.7, -1.821634584E9, 50.0
18, 88.3, 107.8, 6.318, 0.0, -0.020528213, -0.020271848, -0.033681051, -0.020255911, -0.02477352, 0.017723189, -0.014750158, -0.023108586, 4.08697E-4, 10.5, 65.7, 26.8, 23.6, 9.1, 8.9, 14.0, -1.821634584E9, 38.0
19, 88.3, 87.8, 6.39, 0.0, -0.008776701, -0.023458255, -0.02305281, -0.020478765, -0.009712656, -0.031665977, -0.00853829, -0.007201303, 0.002242539, 52.0, 64.4, 17.4, 24.4, 8.3, 9.7, 22.6, -1.821634584E9, 44.0
20, 84.9, 224.5, 6.253, 0.0, -0.025919141, -0.035607494, -5.32907E-4, -0.015636734, -0.017454317, -0.015133862, -0.016289303, -0.019739294, -0.019091385, 23.0, 54.9, 14.7, 33.8, 10.9, 10.3, 5.2, -1.821634584E9, 30.0
21, 80.7, 211.2, 6.225, 0.0, 0.015279487, 0.022402818, 0.01570993, 0.02404002, 0.021038593, -0.006174742, 0.027573706, 0.017862274, 0.012718686, 24.5, 55.0, 10.0, 59.4, 15.7, 47.8, 15.2, -1.821634584E9, 19.0
22, 84.8, 222.2, 6.037, 0.0, 0.018577796, 0.023230767, -0.007517662, 0.026576513, 0.015274749, 0.026908324, 0.009564898, 0.018769962, 0.015165589, 4.1, 59.8, 2.9, 33.1, 22.9, 17.2, 21.0, -1.821634584E9, 43.0
23, 85.5, 161.7, 5.944, 0.0, -0.014132879, -0.014571381, 0.016233194, 0.003931905, 7.09E-5, -0.011169331, 0.024127811, -0.004139094, 0.002072505, 16.9, 16.4, 3.3, 51.4, 11.3, 24.2, 11.4, -1.821634584E9, 22.0
24, 94.5, 211.7, 6.148, 0.0, 0.036607044, 0.042758926, 0.026540681, 0.029305918, 0.014787613, 0.015845566, 0.039282461, 0.019126668, 0.032338114, 15.8, 44.5, 3.6, 33.9, 14.4, 25.4, 12.8, -1.821634584E9, 24.0
25, 88.3, 241.4, 6.153, 0.0, 0.011353209, 0.021467637, 0.001484047, 0.004766184, 0.003651379, -0.013410689, -0.015461796, 0.005627159, 0.007895394, 13.9, 9.2, 3.0, 24.2, 9.0, 24.8, 8.3, -1.821634584E9, 27.0
26, 91.7, 202.9, 6.274, 0.0, -0.040542021, -0.043906874, -0.05036862, -0.035170147, -0.022182186, -0.002901673, -0.021439596, -0.024387753, -0.002139095, 19.8, 20.7, 0.0, 31.6, 7.2, 12.7, 17.7, -1.821634584E9, 31.0
27, 94.2, 171.3, 6.458, 0.0, -0.022105644, -0.033893469, 0.007923456, 0.005434056, 0.005019306, -0.030744916, -0.008799248, 0.001097418, -0.007925997, 10.8, 39.0, 0.0, 46.8, 7.6, 20.0, 3.0, -1.821634584E9, 52.0
28, 86.3, 72.12, 6.704, 0.0, -0.014888368, -0.020825038, 0.001737641, -0.027420558, -0.007609828, 0.0, -0.008482232, -0.014092175, -0.014772748, 3.7, 3.4, 1.1, 29.8, 4.4, 25.8, 8.0, -1.821634584E9, 36.0
29, 85.9, 130.5, 6.819, 0.0, 0.007026745, 0.009709195, -0.010048038, 0.001321853, -0.003002934, 0.009563024, 0.028550768, 0.003031933, 0.017764444, 11.4, 33.9, 4.0, 25.5, 15.4, 16.0, 12.7, -1.821634584E9, 43.0
30, 96.7, 164.3, 7.017, 0.0, -0.011494996, -0.024629091, -0.046629446, -0.045613986, -0.013166304, -0.003764436, 0.003999287, -0.012721713, -0.006850441, 8.1, 12.3, 7.5, 11.4, 12.2, 11.4, 7.6, -1.821634584E9, 45.0
31, 93.2, 211.8, 7.045, 0.0, -0.041136038, -0.050687495, 0.0, 0.0, -0.024655731, -0.013596231, -0.0488296, -0.030934994, -0.038322771, 22.4, 56.7, 21.0, 18.3, 10.5, 12.0, 6.4, -1.821634584E9, 60.0
32, 87.4, 169.9, 7.005, 0.0, -0.002631499, -0.012101138, -9.50817E-4, -0.002764335, -0.006790311, -0.014634038, -0.004351059, -0.003303102, -0.003342261, 10.7, 64.2, 9.3, 35.4, 8.0, 17.6, 7.3, -1.821634584E9, 57.0
33, 78.6, 220.2, 6.876, 0.0, 0.024654643, 0.032923209, -0.012096922, 0.002434631, 0.002890896, 0.003075786, 0.001410509, 0.00256948, 0.006764498, 10.6, 26.6, 4.5, 56.8, 9.9, 24.2, 15.0, -1.821634584E9, 45.0
34, 78.18, 103.1, 7.118, 0.0, -0.03584061, -0.04977568, -0.011478573, -0.048746751, -0.032706045, -0.018869228, -0.025879448, -0.037924005, -0.027294442, 8.3, 27.6, 5.0, 22.1, 7.4, 24.0, 10.4, -1.821634584E9, 31.0
35, 81.9, 207.5, 7.188, 0.0, 0.017303168, 0.029566248, -0.035315356, -0.019673359, -0.009922818, -0.00543789, -0.012554261, -0.012159595, 0.00967787, 27.5, 31.0, 4.5, 39.3, 18.1, 30.6, 13.0, -1.821634584E9, 17.0
36, 94.7, 93.6, 7.306, 0.0, 0.001725406, -0.004151655, 0.039320053, -0.010393087, -0.00894738, -0.01469498, 0.0, -0.009447032, -0.011881112, 14.9, 27.5, 3.0, 31.8, 30.4, 31.9, 13.8, -1.821634584E9, 40.0
37, 92.9, 147.5, 7.439, 0.0, 0.004975853, 0.010197804, -0.010715038, -0.012797967, 0.008505804, 0.026160742, 0.0, -9.94183E-4, 0.006099364, 11.9, 32.0, 2.1, 42.3, 17.7, 16.8, 21.7, -1.821634584E9, 46.0
38, 92.7, 166.5, 7.703, 0.0, 6.71759E-4, -8.12008E-4, -0.015905668, 0.024757229, 0.0171552, -4.41044E-4, -0.001361043, 0.020902648, -0.002331164, 7.3, 25.0, 0.0, 24.8, 8.9, 18.5, 9.6, -1.821634584E9, 54.0
39, 86.5, 169.6, 7.553, 0.0, -0.005891895, -0.009518451, -0.023846498, -0.025399626, -0.022077662, 0.014706431, 7.86E-5, -0.018261438, -0.006150131, 10.0, 22.0, 0.0, 41.4, 4.3, 26.5, 14.5, -1.821634584E9, 36.0
40, 86.3, 104.2, 7.491, 0.0, -0.013689039, -0.031323951, -0.047741863, -0.035395107, -0.054815959, -0.038832861, -0.052364888, -0.048816774, -0.035364882, 2.8, 34.1, 3.2, 13.0, 22.5, 13.0, 26.8, 8.0, -1.821634584E9, 53.0
41, 74.52, 57.4, 7.546, 0.0, 0.002192959, 0.004122949, -0.006427392, -0.005229183, -0.031860804, -0.006951158, 0.006409661, -0.020299096, 0.001290307, 6.4, 15.5, 3.9, 6.3, 14.2, 5.8, 9.2, 4.8, -1.821634584E9, 28.0
42, 68.34, 77.63, 7.633, 0.0, 0.007913215, 0.00272274, 0.02347539, 0.052829213, 0.037389099, 0.008434917, 0.051674378, 0.03654846, 0.030311506, 11.8, 11.8, 22.7, 10.0, 18.5, 25.1, 14.5, 6.4, -1.821634584E9, 31.0
43, 74.21, 67.34, 7.696, 0.0, -0.03852223, -0.043381574, -0.043463291, -0.051537616, -0.032333707, 0.019360241, -0.027268058, -0.037465203, -0.008671838, 14.0, 25.3, 16.1, 26.7, 14.3, 15.4, 26.8, 5.0, -1.821634584E9, 67.0
44, 59.66, 66.52, 7.994, 0.0, 0.007958798, -0.019234871, 0.001215289, -0.007900176, 2.2661E-4, -0.035657548, -0.007089752, -0.01117204, -0.002097647, 17.4, 11.4, 20.0, 18.0, 18.0, 18.3, 33.3, 8.8, -1.821634584E9, 34.0
45, 86.9, 139.3, 8.26, 0.0, -0.007133473, -0.016436982, -0.010074281, 0.006963461, 0.003308312, -0.012212678, -0.009858434, -1.77944E-4, -0.005558364, 16.6, 36.4, 9.4, 17.8, 29.6, 21.5, 29.0, 11.1, -1.821634584E9, 26.0
46, 78.08, 213.2, 8.31, 0.0, 0.011234009, 0.021882653, 0.06171871, 0.051456064, 0.047628049, -0.00439149, 0.054398075, 0.050459269, 0.024909954, 1.7, 8.6, 1.5, 26.9, 20.4, 13.9, 18.8, 26.7, -1.821634584E9, 33.0
47, 95.7, 193.7, 8.42, 0.0, -0.001410361, 0.024432446, 0.002442817, 0.006952911, -0.005776774, 0.044514005, 2.57732E-4, 0.003950464, 0.01281572, 16.1, 17.2, 3.5, 4.6, 29.6, 16.7, 16.0, 3.0, -1.821634584E9, 38.0
48, 66.26, 72.37, 8.25, 0.0, 0.010974424, 0.002741911, 0.039921068, 0.010703606, 0.004942016, -0.024409814, 0.008902402, 0.009801191, 0.005419475, 6.6, 15.5, 4.4, 22.6, 22.8, 17.1, 24.8, 20.0, -1.821634584E9, 38.0
49, 84.1, 68.8, 8.16, 0.0, 0.003213253, 0.034066676, 0.007709238, -6.62468E-4, 0.011144266, 0.05026001, -0.003505319, 0.006193885, 0.018689238, 8.0, 21.9, 5.0, 27.1, 77.3, 40.3, 46.6, 17.2, -1.821634584E9, 43.0
50, 94.1, 214.3, 8.8, 0.001, 2.14245E-4, 0.005609476, -0.003522156, 0.022741267, 0.028960896, 0.017661194, -0.01051258, 0.026677664, 0.010253879, 26.4, 19.5, 3.5, 20.4, 25.4, 18.8, 15.8, 28.8, -1.821634584E9, 54.0
51, 91.0, 232.1, 8.45, 0.016, -0.00711875, -0.013630133, 0.031634285, -0.014135646, -0.001787311, 0.031303344, 0.023145507, -0.005683706, 0.002688691, 14.0, 16.0, 6.8, 10.6, 23.0, 17.2, 19.9, 7.2, -1.821634584E9, 55.0
52, 94.6, 56.04, 8.31, 0.1, 0.001891803, -8.81369E-4, 0.020643416, 0.00214176, -0.013599614, 0.002894238, 0.015844054, -0.004204775, 0.006012506, 4.5, 15.8, 2.2, 14.8, 8.7, 16.3, 13.5, 6.2, -1.821634584E9, 35.0
53, 88.6, 98.6, 8.48, 0.128, 0.019874248, 0.030888693, -0.013064131, 0.011726823, 0.003122584, -0.003293103, 0.007717639, 0.00702835, 0.009847274, 4.3, 20.4, 6.0, 11.2, 58.3, 3.7, 28.3, 9.6, -1.821634584E9, 41.0
54, 87.1, 140.1, 8.41, 0.172, 0.002918699, -9.51721E-4, -0.019967428, 0.006232608, 0.006788715, 0.033362642, -0.009363155, 0.003375003, -0.006654352, 12.4, 66.0, 13.0, 6.3, 33.4, 9.8, 18.0, 8.4, -1.821634584E9, 30.0
55, 91.3, 222.1, 8.46, 0.162, 0.035968063, 0.051330657, 0.06836638, 0.026109079, 0.028196899, 0.0, 0.057290099, 0.028379434, 0.044121571, 7.6, 32.2, 7.0, 21.4, 32.7, 21.9, 16.2, 15.3, -1.821634584E9, 33.0
56, 97.8, 100.6, 8.57, 0.152, 0.003298424, 0.011893995, -0.020626376, 0.002628016, -0.010503256, 0.032662479, -0.022952804, -0.003923899, 0.002296045, 6.8, 61.5, 5.0, 44.9, 89.0, 30.9, 70.4, 18.7, -1.821634584E9, 32.0
57, 73.54, 83.8, 8.66, 0.142, 0.021165071, 0.014858013, 0.00958032, 0.008543981, -0.002867459, -9.79474E-4, 0.007757469, 0.007125859, 0.008309652, 19.9, 56.8, 5.1, 20.4, 43.6, 11.0, 25.1, 19.1, -1.821634584E9, 40.0
58, 65.59, 76.32, 8.36, 0.155, -0.004968387, 5.4608E-4, 0.023052626, 0.008506817, 0.006363832, 0.018268453, 0.018723588, 0.004564397, 0.016417645, 15.6, 53.7, 6.8, 22.9, 78.2, 11.3, 38.2, 33.4, -1.821634584E9, 37.0
59, 79.85, 69.03, 8.71, 0.112, 0.011247875, 0.006408036, -0.020524738, -0.013191856, -0.006722843, -0.001084381, -0.016143127, -0.013192092, -0.006730861, 11.2, 42.5, 3.8, 21.1, 45.6, 19.3, 26.0, 37.3, -1.821634584E9, 38.0
60, 36.3, 63.83, 8.35, 0.156, -0.021780194, -0.040576634, -0.035439358, -0.052331177, -0.035504525, -0.04636884, -0.030380243, -0.039575426, -0.038564463, 19.8, 13.8, 27.7, 3.5, 17.1, 17.4, 17.7, 16.5, 9.9, -1.821634584E9, 44.0
61, 59.22, 42.37, 8.73, 0.165, 0.024406595, 0.036216524, 0.013044212, 0.023664745, 0.04245663, -0.015484589, 0.006692924, 0.033905256, 0.007834221, 12.0, 6.5, 61.7, 14.0, 39.9, 29.4, 19.8, 30.8, 9.7, -1.821634584E9, 42.0
62, 51.23, 56.0, 8.82, 0.156, 0.006913411, 0.019586989, 0.016421016, 0.011273478, 0.00748573, 0.029450342, 0.025332468, 0.013131002, 0.015339491, 11.6, 23.7, 29.0, 1.4, 16.9, 18.6, 10.5, 30.4, 10.2, -1.821634584E9, 41.0
63, 47.92, 64.88, 8.64, 0.163, 0.031401768, 0.052522395, 0.028322241, 0.058950531, 0.041933723, 0.043103753, 0.041073535, 0.046299865, 0.038506193, 11.3, 5.1, 47.7, 4.0, 21.1, 20.0, 13.2, 18.6, 4.3, -1.821634584E9, 54.0
64, 31.76, 61.08, 8.35, 0.178, -0.005247358, 0.010895898, 0.009684728, 7.00361E-4, -0.023374088, 0.003441406, 0.014865185, -0.013565922, 0.004311521, 6.2, 9.2, 16.0, 3.0, 9.5, 35.3, 10.7, 13.0, 17.3, -1.821634584E9, 59.0
65, 47.44, 67.18, 8.53, 0.177, 7.35712E-4, 0.018613487, -0.008367252, -0.008055179, -0.009023892, 0.012277689, -0.005058842, -0.00663938, 0.004191931, 8.4, 10.9, 8.3, 4.2, 8.0, 19.0, 8.1, 9.4, 7.8, -1.821634584E9, 64.0
66, 69.03, 65.97, 8.81, 0.168, -0.010297613, -0.035028186, -0.024143678, -0.006298227, -0.015901395, -0.002835377, -0.007773473, -0.010973461, -0.005565862, 9.2, 5.8, 32.3, 7.5, 15.7, 20.3, 30.6, 28.5, 9.8, -1.821634584E9, 66.0
67, 56.15, 73.71, 8.6, 0.179, 0.047238893, 0.046046123, 0.011714575, 0.008160941, -0.001272913, -0.027295924, 0.008113036, 0.00457624, -0.007501084, 4.1, 8.3, 64.4, 15.0, 27.9, 31.9, 20.3, 15.6, 5.8, -1.821634584E9, 53.0
68, 78.02, 73.99, 9.14, 0.175, 0.03177774, 0.05155751, 0.037347061, 0.030107235, 0.014717304, 0.036672343, 0.030251635, 0.020350247, 0.027695855, 17.2, 14.1, 54.9, 11.0, 5.0, 30.8, 5.6, 21.0, 7.5, -1.821634584E9, 38.0
69, 58.47, 61.23, 8.82, 0.164, 0.010170736, 0.014648571, 0.002530186, 0.0, 0.001329537, 0.005374682, 0.009898367, 0.0, 0.005385996, 35.0, 12.7, 48.1, 5.4, 22.6, 19.4, 17.6, 15.4, 23.3, -1.821634584E9, 40.0
70, 42.44, 57.77, 8.51, 0.148, -0.013661316, -0.018458136, 0.0, 0.0, 0.0, -0.004436367, 0.0, 0.0, 0.005879636, 39.6, 16.1, 29.8, 4.9, 29.5, 51.1, 26.2, 38.0, 24.7, -1.806825047E9, 35.0
71, 38.03, 60.57, 8.69, 0.164, -0.010111415, -0.009219812, -0.02026854, 0.014564593, 0.0, -0.009202462, -0.012558966, 0.010410568, 0.007414113, 11.3, 8.6, 21.5, 3.9, 18.0, 21.1, 18.0, 44.8, 9.5, -1.806825047E9, 24.0
72, 44.92, 79.72, 8.8, 0.174, 0.0057888, -0.007271922, 0.012470933, -0.001585629, -0.005177582, -0.011341193, -0.003197674, -0.00569206, 0.00271128, 15.2, 10.3, 34.3, 4.5, 26.6, 22.3, 21.3, 22.8, 15.0, -1.806825047E9, 34.0
73, 40.19, 67.39, 8.79, 0.158, 0.041454961, 0.037113921, 0.015419321, 0.013029635, 0.021094357, 0.001405858, 0.016473899, 0.019679181, 0.00243869, 16.8, 8.5, 26.7, 4.2, 9.0, 22.8, 6.5, 15.9, 4.3, -1.806825047E9, 36.0
74, 40.72, 70.98, 8.64, 0.174, -0.002617982, -0.006440886, 0.004957068, 0.014511955, 0.009771985, 0.017247937, -0.005381101, 0.015000818, -0.005525922, 15.3, 6.5, 11.3, 3.6, 17.2, 20.7, 9.7, 14.6, 13.0, -1.821634584E9, 35.0
75, 60.58, 74.77, 8.85, 0.154, -0.030954776, -0.043561684, -0.043732255, -0.04159436, -0.025212563, 0.001925716, -0.02982119, -0.033145055, -0.008357848, 8.7, 5.4, 19.1, 3.8, 13.8, 12.4, 12.3, 36.1, 16.6, -1.821634584E9, 43.0
76, 92.4, 231.1, 9.53, 0.137, 0.004548211, -0.013976351, 0.021029382, 0.003411245, -8.52301E-4, -0.024203839, 0.010188062, 1.07111E-4, -0.007276574, 8.6, 5.1, 15.0, 4.7, 25.7, 41.3, 19.2, 17.2, 12.5, -1.821634584E9, 54.0
77, 55.53, 78.72, 9.45, 0.146, 0.009655946, 0.017986713, -0.007711286, 0.02040297, 0.01077559, 0.001831566, 0.0, 0.014246565, -9.66672E-4, 10.5, 12.8, 22.2, 33.0, 21.1, 49.9, 12.1, 11.5, 7.8, -1.821634584E9, 59.0
78, 56.1, 75.27, 9.17, 0.144, 0.024517037, 0.041463716, 0.026531285, 0.017241174, 0.030613015, -0.002215049, 0.041114235, 0.019732664, 0.022915147, 13.2, 6.9, 13.1, 13.2, 21.2, 35.1, 8.3, 45.0, 14.3, -1.821634584E9, 60.0
79, 46.93, 67.68, 9.19, 0.142, -0.004162916, -0.00776554, -0.010117621, 0.004216312, 0.002643279, 0.002105043, -0.020564056, 0.001193826, -0.01873672, 22.3, 13.2, 41.9, 3.1, 11.6, 55.2, 11.2, 22.8, 11.6, -1.806825047E9, 22.0
80, 75.9, 68.01, 9.13, 0.15, -0.012367953, -0.021244475, -0.002744255, -0.018631963, -0.017087813, -0.027013084, 2.18E-5, -0.016191973, -0.013223984, 15.4, 9.0, 42.9, 10.7, 16.8, 25.0, 5.8, 23.4, 12.8, -1.821634584E9, 36.0
81, 77.39, 83.5, 9.32, 0.126, 0.05198032, 0.073005406, 0.021379806, 0.020864204, 0.022496725, 0.038624986, 0.030223262, 0.021224456, 0.025812429, 1.7, 8.0, 18.1, 5.4, 21.9, 40.4, 8.0, 33.8, 13.5, -1.821634584E9, 55.0
82, 52.27, 76.45, 9.35, 0.156, 0.029022746, 0.040498015, -9.505E-4, 0.013698743, 0.012830266, 0.0, 0.001333094, 0.013364378, 0.016444765, 11.4, 3.9, 50.7, 2.5, 17.0, 51.4, 10.1, 24.4, 22.5, -1.821634584E9, 55.0
83, 36.76, 45.4, 9.27, 0.144, 0.016261076, 0.015619342, 0.038689132, 0.027504086, 0.021724277, 0.061229315, 0.06379152, 0.015641377, 0.047804531, 13.6, 14.6, 72.0, 3.9, 15.2, 14.0, 7.0, 24.0, 4.6, -1.806825047E9, 36.0
84, 61.02, 44.76, 9.44, 0.148, 0.025882269, 0.042492156, -0.003798927, -0.010131828, 0.0, 0.0, 0.005243643, 0.004722386, 0.004035826, 9.7, 13.2, 35.2, 14.0, 16.0, 38.2, 15.3, 20.4, 22.2, -1.806825047E9, 39.0
85, 58.0, 57.98, 9.76, 0.148, 0.021061108, 0.015539992, 0.017254573, 0.005687449, 0.013648963, 0.0, 0.016228371, 0.012728662, 0.011737376, 18.4, 3.2, 12.2, 7.0, 33.2, 31.2, 30.6, 37.1, 44.5, -1.806825047E9, 47.0
86, 71.08, 69.41, 9.25, 0.17, -0.026273031, -0.01169267, -0.013290323, -0.015820981, 5.00273E-4, 0.0, -0.028380057, -0.005234116, -0.00246741, 6.1, 3.0, 23.9, 10.0, 11.2, 31.6, 14.1, 38.7, 9.3, -1.821634584E9, 34.0
87, 37.22, 73.51, 9.08, 0.169, -0.001123867, -0.005918252, 0.02378394, 0.022598204, 0.014310465, 0.005008903, 0.026378015, 0.016838852, 0.010330863, 9.0, 13.2, 6.0, 4.2, 9.9, 22.7, 16.0, 9.9, 19.0, -1.821634584E9, 46.0
88, 44.49, 65.97, 8.96, 0.179, -0.018541411, -0.018413175, -0.0217472, -0.009608685, -0.005979158, 0.002028086, -0.008205415, -0.011834648, -0.005579355, 7.4, 8.2, 51.1, 8.0, 13.9, 28.6, 10.1, 32.2, 11.5, -1.821634584E9, 54.0
89, 36.77, 66.08, 8.98, 0.185, 0.025756738, 0.020467942, -9.79319E-4, -0.00263347, -0.002257083, -0.016359317, -0.012833092, -0.004118204, -0.002245018, 9.0, 7.4, 12.3, 6.6, 16.7, 31.1, 10.2, 19.9, 16.5, -1.821634584E9, 59.0
90, 62.34, 76.13, 9.24, 0.164, -0.006508992, -7.03323E-4, -0.027263206, -0.026405979, -0.021492451, 0.004493787, -0.033274117, -0.02444295, -0.010673606, 6.5, 6.1, 51.8, 7.8, 15.2, 24.7, 4.4, 11.8, 10.1, -1.821634584E9, 46.0
91, 66.15, 61.82, 9.25, 0.149, 0.008070571, -0.008364512, 0.010298404, 0.002294509, 0.007177395, -0.026773548, 0.015633439, 0.004393536, -0.011305019, 1.8, 11.7, 15.1, 14.6, 5.2, 21.4, 1.1, 8.5, 1.8, -1.821634584E9, 53.0
92, 60.41, 77.79, 9.32, 0.131, 0.011703446, 0.019054811, -0.011475674, -2.04728E-4, -0.003329242, 0.018660853, -0.00891802, 0.002504001, 0.008160491, 24.2, 16.0, 87.4, 12.4, 21.9, 33.0, 13.1, 10.4, 38.8, -1.806825047E9, 42.0
93, 45.87, 67.27, 9.06, 0.119, 0.00540756, 0.008294571, 0.029936576, 0.023873177, 0.022378302, -0.024731766, 0.048899958, 0.021345107, 0.027348038, 8.8, 18.6, 40.6, 4.0, 30.9, 42.9, 24.4, 26.0, 20.5, -1.821634584E9, 56.0
94, 39.75, 57.89, 8.63, 0.106, 0.042840743, 0.06128487, -0.006882962, 0.037812995, 0.004913133, 0.033288664, -0.004245051, 0.01755585, 0.023405287, 15.6, 3.2, 36.0, 2.9, 22.4, 34.2, 27.3, 24.1, 26.8, -1.821634584E9, 45.0
95, 55.85, 66.07, 8.42, 0.083, -0.011999815, -0.012065934, -0.01689961, -0.027823812, -0.027889576, -0.008650804, -0.022856559, -0.020868958, -0.017031881, 15.8, 13.0, 12.0, 12.0, 27.6, 39.2, 11.9, 35.0, 14.9, -1.806825047E9, 44.0
96, 65.72, 81.6, 8.55, 0.056, 0.008430531, 0.008559532, -0.001498313, 0.003682503, 0.004546089, -0.004147121, 0.009557472, -8.09664E-4, 0.00213008, 9.0, 8.2, 12.0, 3.2, 21.4, 33.0, 14.9, 20.8, 22.6, -1.821634584E9, 44.0
97, 49.61, 69.23, 8.54, 0.002, 0.011166484, 0.002812079, 0.025962189, -6.1E-5, 0.010573187, 0.013050445, 0.0048923, 0.00163058, 8.41483E-4, 10.1, 8.9, 27.2, 4.2, 10.4, 25.6, 22.2, 19.4, 12.0, -1.806825047E9, 33.0
98, 82.3, 83.7, 6.479, 0.0, -0.015572642, -0.022049112, 0.0, 0.013560317, 0.0, -0.003879345, 0.019970076, 0.00693029, -0.005331499, 11.8, 11.9, 17.7, 4.0, 16.6, 49.3, 6.6, 30.4, 5.3, -1.806825047E9, 47.0
99, 86.9, 183.1, 7.106, 0.001, 0.008801231, 0.006089365, -0.019153403, 0.003038143, 0.001019495, 0.013649584, -9.45645E-4, 0.003596128, 0.016360679, 6.1, 8.5, 31.4, 3.2, 13.6, 27.0, 10.0, 24.1, 14.4, -1.806825047E9, 49.0
100, 90.8, 177.1, 7.221, 0.0, -0.004209168, -0.00946971, 0.015301234, -0.013668905, -0.006520009, 0.001336146, 0.023829502, -0.009320093, 0.008582894, 8.8, 6.8, 6.5, 4.0, 25.9, 55.8, 15.9, 34.3, 13.7, -1.806825047E9, 58.0
101, 90.6, 224.1, 7.396, 0.0, -5.14681E-4, 0.01745131, 0.013483449, 0.001608313, 0.006904881, 0.007495599, 0.002955602, 0.002727525, 0.007760751, 7.7, 4.9, 5.3, 2.0, 7.9, 23.6, 9.4, 16.1, 8.6, -1.821634584E9, 60.0
102, 71.28, 127.5, 7.676, 0.0, 0.028131284, 0.036775968, 0.025489965, 0.040019701, 0.019789756, 0.016172017, 0.023922986, 0.022988538, 0.029978301, 5.3, 5.7, 5.6, 15.2, 12.5, 18.3, 12.7, 16.1, 6.8, -1.821634584E9, 59.0
103, 74.33, 181.3, 7.962, 0.0, -0.007792426, -0.010423561, 0.001981342, 2.91641E-4, -0.006501047, 0.00274068, -0.008959741, 4.50926E-4, -0.006630541, 7.1, 11.8, 11.6, 9.5, 18.8, 59.9, 17.1, 35.4, 12.2, -1.821634584E9, 55.0
104, 83.2, 128.9, 7.964, 0.0, -0.022362446, -0.020392771, -0.013834487, -0.01755778, -0.0211285, 0.003842444, -0.036068649, -0.019199926, -0.013026704, 3.6, 10.8, 42.5, 3.0, 11.2, 14.6, 11.5, 16.5, 2.7, -1.821634584E9, 51.0
105, 94.1, 116.8, 8.14, 0.0, -0.019171953, -0.026503017, 0.011418207, 0.002029779, 7.98148E-4, -0.007491806, 0.026093133, 0.001198657, -0.001283652, 30.2, 19.4, 13.2, 3.0, 21.5, 28.0, 19.0, 27.4, 12.1, -1.821634584E9, 62.0
106, 59.38, 91.0, 8.32, 0.0, 0.013947094, 0.014207147, -0.002517863, 0.002411795, 0.011716184, 0.010192006, -0.002303264, 0.006255363, 0.007195201, 9.8, 14.0, 19.6, 0.0, 18.3, 30.0, 13.0, 22.7, 10.8, -1.821634584E9, 63.0
107, 94.5, 69.25, 8.68, 0.0, -0.032005875, -0.043297074, -0.001011052, -0.014344978, -0.00755335, 0.009944239, 0.005403347, -0.010088166, -0.010536916, 5.5, 11.0, 11.3, 0.0, 13.4, 21.2, 17.2, 14.4, 16.4, -1.806825047E9, 45.0
108, 87.0, 147.4, 9.09, 0.0, 0.004478365, 0.006670686, 0.003497083, -0.001371646, -9.08E-5, -0.008020417, -0.008858814, 0.002247523, -0.005148888, 10.6, 13.1, 27.8, 0.0, 19.8, 41.0, 19.7, 22.1, 11.1, -1.806825047E9, 35.0
109, 90.8, 125.9, 8.88, 0.0, 0.017089104, 0.02671333, -0.003486435, 0.010612059, 0.00723854, 0.020697148, 0.004766918, 0.009563579, 0.019623396, 7.2, 11.5, 15.6, 0.0, 8.6, 28.7, 7.5, 24.2, 8.2, -1.821634584E9, 44.0
110, 91.5, 116.4, 8.67, 0.002, 0.00967985, 0.006414361, 0.006093308, 0.011041178, 0.005641288, -0.001017383, 0.002748462, 0.007607936, 0.002888594, 5.8, 5.1, 6.9, 0.0, 5.2, 22.7, 5.7, 31.7, 5.4, -1.806825047E9, 61.0
111, 74.49, 86.1, 8.19, 0.0, 0.002670961, 0.008682443, 0.001396013, -0.007472152, -0.004469959, 0.015359336, 0.0, -0.003360153, -0.002180222, 7.6, 9.2, 15.0, 0.0, 20.9, 27.2, 21.9, 15.5, 11.0, -1.821634584E9, 63.0
112, 65.39, 97.8, 8.19, 0.0, -0.003623787, -0.010935365, -0.024055536, -0.036010872, -0.026461398, -0.009531439, -0.028867828, -0.026607747, -0.021109333, 1.5, 4.0, 2.2, 0.0, 2.8, 9.0, 5.6, 3.3, 3.1, -1.821634584E9, 52.0
113, 90.4, 121.7, 8.23, 0.0, -0.004441286, -0.004115531, -0.012801901, 1.59498E-4, 6.00837E-4, -0.028981619, -0.016040638, -0.001898177, -0.009452694, 3.3, 4.0, 20.2, 3.0, 7.0, 15.5, 22.3, 17.7, 5.7, -1.806825047E9, 36.0
114, 78.68, 68.33, 8.37, 0.0, 0.001688065, -0.002397706, -0.00138258, -0.018727781, -0.011641683, 0.008979463, -0.003129526, -0.017037019, -0.013276347, 7.9, 23.9, 5.6, 19.5, 7.5, 19.7, 4.2, 19.0, 21.0, -1.806825047E9, 43.0
115, 66.01, 99.4, 8.7, 0.0, 0.031866012, 0.024440981, 0.008375844, 0.007782173, 5.60787E-4, -0.014032772, -0.002805326, 0.006532695, -0.009827668, 4.2, 5.5, 56.7, 10.2, 6.8, 19.7, 4.8, 29.1, 7.6, -1.806825047E9, 42.0
116, 84.8, 138.5, 9.41, 0.0, 0.002917994, 0.009371344, 0.003109374, 4.0922E-4, 0.015069604, 0.008470044, 0.009210347, 0.010530485, 0.007504972, 9.5, 0.4, 28.3, 1.5, 23.4, 36.2, 9.4, 23.5, 15.0, -1.806825047E9, 36.0
117, 74.27, 109.5, 9.74, 0.0, -0.011589253, -0.014240564, -0.031078361, -0.030645878, -0.026085699, 0.00408005, -0.037260554, -0.028450775, -0.011895017, 25.9, 19.5, 57.0, 3.1, 21.3, 50.0, 18.5, 34.7, 16.2, -1.806825047E9, 39.0
118, 84.3, 137.6, 9.66, 0.0, -0.014168795, -0.024762184, 0.002304071, 0.002925363, -9.4518E-4, -0.028559096, 0.006424415, -3.97087E-4, -0.014676581, 23.2, 12.0, 15.9, 6.0, 29.3, 35.9, 29.1, 31.0, 61.2, -1.821634584E9, 47.0
119, 62.04, 81.2, 9.31, 0.0, 0.024046363, 0.032322169, 0.006503219, 0.027007371, 0.011751017, 0.00425394, -0.002854675, 0.021006006, 0.016991546, 24.4, 13.4, 18.3, 2.7, 11.8, 26.4, 8.4, 35.9, 9.7, -1.821634584E9, 44.0
120, 72.76, 82.8, 9.28, 0.0, 0.015786402, 0.020041017, 0.021217576, -0.007357423, -0.006422449, 0.021228049, 0.036431633, -0.006491876, 0.013359036, 7.2, 5.8, 6.2, 0.0, 19.4, 48.2, 8.4, 16.2, 23.8, -1.821634584E9, 46.0
121, 76.74, 61.62, 8.96, 0.0, 0.011719598, 0.02094488, -0.001478936, -0.005030798, -0.00273147, 0.008266001, -5.63101E-4, -0.002434553, 0.009896025, 19.1, 12.8, 24.6, 0.0, 33.6, 31.7, 29.2, 23.2, 25.6, -1.821634584E9, 55.0
122, 57.69, 77.5, 8.83, 0.005, 0.002315584, 0.004539175, 0.009024344, 0.022485929, 0.012419609, -0.00955408, 0.012584123, 0.01610096, 0.003009271, 13.5, 7.2, 27.9, 4.5, 16.1, 30.6, 17.8, 19.4, 17.5, -1.806825047E9, 45.0
123, 83.8, 154.8, 8.91, 0.003, 0.002929655, 0.006462161, -0.008567381, -0.015773409, -0.01048797, 0.017726206, -0.012992085, -0.009756314, -0.006932094, 5.2, 6.1, 15.7, 6.1, 7.2, 21.3, 12.1, 20.2, 9.7, -1.806825047E9, 54.0
124, 80.4, 181.0, 8.95, 0.0, 0.007996801, 0.008066865, 0.004352434, 0.019930494, 0.021304896, -0.001860454, 0.001533847, 0.018996966, 0.01104966, 7.9, 3.8, 26.8, 5.4, 15.7, 30.2, 9.1, 57.2, 12.4, -1.806825047E9, 74.0
125, 65.39, 185.8, 9.13, 0.0, -0.005590715, -0.002963695, -0.029577647, -0.03885596, -0.0248176, -0.006437219, -0.010120103, -0.026148902, -0.004837023, 13.3, 13.7, 10.1, 10.8, 15.0, 38.1, 16.6, 22.5, 9.0, -1.806825047E9, 67.0
126, 66.76, 88.9, 9.01, 0.0, -0.006518816, -0.011508276, 0.002562476, -0.00218104, 4.72222E-4, -0.006101921, -0.001765399, -1.29804E-4, 8.64074E-4, 6.1, 9.4, 38.4, 7.5, 11.6, 40.6, 18.8, 40.8, 20.5, -1.806825047E9, 46.0
127, 68.1, 81.5, 8.86, 0.0, -0.00105307, -0.009724852, 0.0, -0.012049252, -0.009820745, -0.013869065, -0.006164046, -0.01052673, -0.013954751, 7.6, 10.6, 41.1, 15.0, 21.8, 40.8, 34.6, 50.8, 20.1, -1.806825047E9, 38.0
128, 62.33, 75.35, 8.8, 0.0, 0.012265455, 0.017404655, -0.019879851, -0.011595793, -0.001885015, -0.0034229, -0.023282659, -0.005062892, -0.002388698, 12.3, 6.9, 52.1, 4.9, 54.1, 43.4, 49.2, 44.9, 30.0, -1.806825047E9, 31.0
129, 94.4, 101.5, 8.77, 0.0, -0.001519732, -0.0098359, -0.001669895, -0.005569842, -0.011240391, -0.02381417, -0.005657236, -0.011370978, -0.007945176, 16.0, 12.8, 21.8, 3.0, 26.7, 56.5, 19.9, 40.4, 30.1, -1.806825047E9, 40.0
130, 81.6, 77.03, 8.91, 0.0, -0.004539036, -0.001230056, 0.003540952, 0.012479081, 0.00445843, -0.013862056, 8.73993E-4, 0.005713551, 0.003546083, 25.0, 16.2, 25.6, 7.3, 12.4, 32.5, 10.5, 26.1, 10.7, -1.821634584E9, 54.0
131, 84.0, 65.06, 8.83, 0.0, -0.005617343, -0.008927347, -0.004029952, -0.01167899, -0.007603314, -4.06925E-4, 0.0, -0.010951065, -0.003456886, 11.3, 17.3, 32.8, 5.1, 14.2, 26.7, 12.5, 28.4, 10.1, -1.806825047E9, 31.0
132, 91.4, 114.1, 8.84, 0.0, 0.006074147, 0.003941595, 0.024627968, 0.031411443, 0.017985189, -0.025844501, -6.91001E-4, 0.020103773, -0.013401351, 11.3, 5.5, 15.5, 5.0, 13.6, 22.0, 11.3, 29.6, 13.7, -1.806825047E9, 25.0
133, 55.96, 81.9, 8.87, 0.0, -0.008232237, 0.001961398, 0.00530194, 0.012489601, 0.008436269, 0.023098273, -0.006404264, 0.00981059, 0.016832183, 19.0, 6.5, 22.5, 10.6, 21.7, 59.7, 18.4, 13.0, 47.3, -1.821634584E9, 59.0
134, 67.88, 70.94, 8.97, 0.0, 0.032511512, 0.036041524, 0.029199472, 0.030228467, 0.025350254, 8.02976E-4, 0.048407174, 0.027037465, 0.027435226, 4.6, 12.6, 17.4, 11.5, 13.6, 20.8, 12.8, 21.3, 10.0, -1.821634584E9, 35.0
135, 80.7, 66.87, 8.88, 0.0, 0.006370441, 0.010105514, 0.008604637, 0.00581654, 0.003513893, 0.008049079, 0.01203328, 0.004621884, 0.006022186, 7.8, 8.8, 27.8, 10.0, 19.2, 41.7, 14.0, 20.3, 10.7, -1.821634584E9, 34.0
136, 76.33, 80.8, 8.86, 0.0, -0.011323604, -0.009281959, -3.82751E-4, 0.004269506, 0.006171025, 0.005460144, 0.002961825, 0.006393209, 0.010282347, 15.8, 7.5, 47.9, 5.7, 10.6, 20.2, 9.6, 16.1, 10.7, -1.821634584E9, 46.0
137, 74.64, 82.3, 8.94, 0.0, 0.013780465, 0.024767693, 0.011366703, 0.01034125, 0.012409018, 0.026955527, 0.020584797, 0.010856959, 0.023092409, 12.3, 3.4, 14.5, 13.8, 46.3, 36.4, 15.3, 40.6, 35.2, -1.806825047E9, 41.0
138, 62.04, 90.3, 9.0, 0.0, -0.006357127, -0.005420251, 0.003620702, 0.012607683, 0.008426009, 0.0, 0.001485116, 0.00790874, 0.001526131, 2.1, 19.3, 54.4, 7.2, 21.3, 46.6, 16.0, 39.8, 11.0, -1.821634584E9, 52.0
139, 53.62, 80.4, 9.02, 0.0, 0.004758472, 0.009434319, -5.34409E-4, 0.005401593, 0.002785548, 0.007343449, -0.003028966, 0.002757225, -0.004710116, 8.5, 2.0, 10.5, 6.7, 9.5, 3.0, 4.6, 2.7, 3.7, -1.821634584E9, 52.0
140, 70.44, 72.36, 8.95, 0.001, 0.018495281, 0.027708479, 0.023022629, 0.024250767, 0.014602347, 0.007151049, 0.021916235, 0.018131092, 0.016398626, 5.6, 4.7, 27.1, 6.0, 24.9, 35.8, 11.8, 20.4, 7.0, -1.821634584E9, 29.0
141, 50.94, 83.3, 8.95, 0.006, 0.012603659, 0.01469961, 0.003037511, -0.003420947, 0.003677601, 0.015362945, 0.00382684, 4.77297E-4, 0.003712147, 5.2, 4.5, 41.6, 4.4, 16.6, 45.3, 14.2, 18.2, 10.4, -1.821634584E9, 48.0
142, 84.3, 61.65, 9.0, 0.0, 0.011235934, 0.015375231, 0.002977407, 0.004234371, 0.002073625, 0.014387358, 0.001687981, 0.003589901, 0.009279397, 7.1, 10.2, 22.9, 12.0, 20.0, 27.9, 8.7, 22.6, 18.3, -1.821634584E9, 45.0
143, 92.4, 209.4, 9.12, 0.005, 0.004036218, 0.008396005, -0.00260985, -0.014734175, -0.012572986, -1.38779E-4, -0.001412572, -0.009714293, 0.003495323, 20.1, 33.0, 32.3, 6.3, 47.4, 43.6, 10.6, 51.6, 11.5, -1.821634584E9, 54.0
144, 95.2, 180.0, 9.27, 0.003, 0.009330697, -4.53061E-4, -0.004573436, 0.018301985, 0.004120628, 0.002572215, -0.01362225, 0.00679058, -0.013102375, 37.7, 10.7, 30.1, 5.3, 23.8, 29.1, 14.6, 25.1, 15.5, -1.821634584E9, 48.0
145, 71.13, 202.1, 9.35, 0.002, 0.043744798, 0.04563733, 0.011825409, 0.01699602, 0.018324749, 0.00512565, 0.013732392, 0.020259518, 0.010000404, 9.9, 15.9, 11.0, 7.8, 19.4, 34.0, 12.4, 25.1, 16.8, -1.821634584E9, 51.0
146, 83.5, 199.6, 9.15, 0.0, 0.010826132, 0.016193889, 7.39529E-4, -0.005334443, -0.005021656, 0.018675099, 0.005272613, -0.002400819, 0.010755726, 7.8, 6.4, 20.0, 5.8, 26.0, 43.4, 11.2, 34.0, 14.8, -1.821634584E9, 57.0
147, 89.0, 138.1, 9.18, 0.0, 0.045219554, 0.050339385, 0.015225583, 0.017606197, 0.01595143, -4.21067E-4, 0.022246412, 0.013411189, 0.016159052, 4.0, 6.0, 36.7, 4.6, 8.9, 29.6, 7.5, 32.3, 7.8, -1.821634584E9, 60.0
148, 81.8, 119.2, 9.03, 0.002, 0.001853539, 0.005901211, 0.003007551, -0.001813006, -0.002373343, 0.002174891, 7.14056E-4, -0.002555235, -0.003348635, 5.5, 8.7, 29.7, 3.7, 16.3, 32.2, 5.6, 45.5, 15.4, -1.821634584E9, 60.0
149, 77.0, 165.8, 9.13, 0.001, -0.017993859, -0.016477754, -0.002917791, -0.011886829, -0.005215443, -0.011875526, 0.006155398, -0.006186667, -0.004860192, 26.0, 11.0, 38.3, 12.3, 8.5, 19.6, 5.7, 47.0, 10.0, -1.821634584E9, 52.0
150, 88.5, 182.8, 9.14, 0.003, -0.001445482, -0.007075515, -0.005640579, 0.003165165, 0.009295817, 0.013135453, -0.011218338, 0.007141904, 0.001624173, 10.2, 16.1, 6.7, 20.2, 8.6, 12.3, 11.4, 12.0, 4.6, -1.821634584E9, 68.0
151, 85.6, 151.7, 9.5, 0.0, 0.021028135, 0.012236363, 0.013349737, 0.016434111, 0.008724225, 0.002307673, 0.01026016, 0.01108049, -0.002621474, 13.0, 17.8, 20.7, 25.7, 33.7, 39.2, 12.5, 25.6, 9.3, -1.821634584E9, 67.0
152, 0.005, 265.1, 9.53, 0.0, -0.001832467, 0.004289841, -0.003350552, -0.007509404, -0.001988619, 0.010715437, 0.008837102, -0.003177243, 0.00419627, 37.0, 14.4, 42.8, 36.5, 14.2, 24.8, 13.0, 17.5, 11.2, -1.821634584E9, 36.0
153, 84.1, 9.86, 9.64, 0.0, -0.02278477, -0.036549776, -0.012740935, -0.02472302, -0.010837387, 0.005798293, -0.018989655, -0.013443727, -0.006116571, 12.0, 6.2, 31.2, 29.5, 12.9, 49.4, 8.4, 40.1, 9.9, -1.821634584E9, 35.0
154, 64.28, 108.5, 9.53, 0.017, 0.004813828, -0.00436774, 0.011459209, 0.012087512, 0.009693198, -0.014315821, 0.014722248, 0.010512515, -0.006397762, 31.3, 19.6, 18.8, 10.2, 20.1, 37.0, 15.9, 32.2, 22.1, -1.821634584E9, 35.0
155, 71.17, 70.1, 9.62, 0.008, 0.013453937, 0.033335747, 0.006856468, 0.009491105, 0.008171239, 0.007845521, 0.00809607, 0.007872083, 0.013275554, 4.2, 6.7, 35.2, 9.5, 11.4, 18.9, 20.1, 16.1, 8.2, -1.821634584E9, 36.0
156, 53.0, 62.49, 9.59, 0.041, -0.004084155, -0.007142277, -0.008567996, -0.017180275, -0.008765038, 0.007591021, -0.007212881, -0.008324871, -0.001426894, 18.5, 16.6, 28.3, 3.6, 17.3, 28.8, 17.6, 18.6, 15.8, -1.821634584E9, 65.0
157, 61.36, 68.36, 9.5, 0.029, -2.71351E-4, -0.017895879, -0.024559914, -0.02045602, -0.014745432, -0.031510413, -0.025391151, -0.01925327, -0.02977241, 14.5, 6.8, 7.2, 5.5, 22.0, 28.2, 12.9, 30.6, 27.6, -1.806825047E9, 42.0
158, 83.8, 92.3, 9.49, 0.0, -0.001299983, 0.006328676, 0.010094531, 0.009400826, 0.008745287, 0.001590965, 0.009570486, 0.009641885, 0.002853029, 6.1, 9.1, 4.2, 5.4, 3.4, 3.3, 1.2, 4.1, 2.0, -1.821634584E9, 66.0
159, 66.38, 62.36, 9.84, 0.0, 0.031414816, 0.027861466, 0.006837444, -0.003579228, 8.31956E-4, -0.007902834, 0.007274059, -4.21E-5, -0.003350004, 12.5, 5.6, 11.1, 3.0, 29.9, 111.3, 22.5, 31.7, 23.1, -1.821634584E9, 58.0
160, 41.43, 64.74, 10.03, 0.0, 0.019757306, 0.026608014, 0.010889255, 0.015001647, 0.014164513, 0.01742954, 0.011948419, 0.014198886, 0.013296568, 4.5, 1.9, 27.7, 3.0, 8.3, 15.0, 6.3, 18.4, 5.0, -1.821634584E9, 72.0
161, 56.25, 76.2, 10.0, 0.0, 0.013108203, 0.01466062, 0.01845147, 0.028159057, 0.019631127, -0.014083517, 0.015677695, 0.023348771, 0.006812872, 64.2, 42.3, 45.2, 7.7, 13.6, 46.0, 14.5, 24.3, 5.2, -1.821634584E9, 56.0
162, 81.6, 88.7, 10.25, 0.0, 0.012676973, 0.016467907, -5.45889E-4, 0.010382074, 0.009295139, 0.032938842, 7.96509E-4, 0.010500577, 0.016065598, 12.0, 14.6, 5.4, 11.5, 23.7, 29.9, 7.0, 18.4, 11.0, -1.821634584E9, 54.0
163, 81.6, 176.7, 10.64, 0.0, 0.006291416, -3.29157E-4, 0.002366611, 0.006742021, 0.004198518, -0.007940868, -0.006146066, 0.004957708, -0.0014647, 2.5, 5.9, 52.7, 13.4, 9.4, 36.7, 10.0, 18.2, 5.0, -1.821634584E9, 61.0
164, 75.49, 116.7, 10.62, 0.0, -0.023435627, -0.026864444, 1.16725E-4, -0.006339909, -0.005342917, 0.013469431, 0.005990277, -0.004106477, -0.001999212, 13.1, 9.1, 33.7, 5.0, 29.0, 26.4, 18.4, 36.4, 15.7, -1.821634584E9, 54.0
165, 73.05, 76.77, 10.26, 0.0, 0.008987423, 0.006307214, 0.002777914, -0.009395737, -0.004344269, -0.015700096, -0.001073872, -0.004156013, -0.006473657, 10.8, 18.4, 27.3, 7.2, 17.6, 31.6, 20.2, 27.7, 13.5, -1.821634584E9, 52.0
166, 74.05, 66.65, 10.03, 0.0, 0.003705789, 0.007392781, -0.001990379, 0.008558729, 0.008079158, 0.00572828, -5.2E-5, 0.009242537, 0.005024977, 6.3, 4.6, 25.3, 6.1, 29.3, 14.7, 14.3, 27.7, 22.0, -1.821634584E9, 57.0
167, 57.09, 72.14, 10.09, 0.0, -0.021432986, -0.025187312, -0.008109142, -0.010807922, -0.018338199, -0.003957836, -0.021228575, -0.006164299, -0.012832464, 10.5, 14.9, 29.1, 4.0, 16.6, 33.7, 16.0, 33.5, 42.8, -1.821634584E9, 52.0
168, 88.0, 149.3, 10.19, 0.0, 0.008224308, 0.007152568, -0.022372209, -0.024247085, 0.0, 0.003570449, -0.012003278, -0.017967666, 0.003596736, 14.8, 1.7, 2.5, 12.7, 20.2, 13.8, 8.7, 20.1, -1.821634584E9, 50.0
169, 60.91, 61.24, 10.03, 0.049, -0.02534402, -0.03160451, -0.003301906, -0.001399438, -4.56564E-4, -0.023989018, -0.007715796, -0.00598433, -0.008320949, 21.6, 8.9, 8.7, 4.3, 19.7, 29.8, 10.5, 24.4, 16.0, -1.821634584E9, 48.0
170, 81.5, 132.3, 9.46, 0.023, 0.008378078, 0.012507327, 0.008498592, -0.003468519, -0.004306092, -0.006423021, 0.005778958, -0.001465902, 0.008117162, 8.3, 14.6, 34.5, 2.8, 23.5, 31.3, 18.3, 17.7, 6.0, -1.821634584E9, 52.0
171, 87.2, 157.8, 9.45, 0.0, -0.021587901, -0.01798409, 0.01303221, 0.015536746, 0.01138013, -0.00269879, 0.016821479, 0.012772763, 0.009702045, 8.6, 16.5, 63.5, 6.1, 22.9, 17.0, 10.7, 17.2, 7.8, -1.821634584E9, 61.0
172, 89.5, 138.7, 9.49, 0.0, 0.002509442, 0.010777477, 0.008806056, 0.014579985, 0.016658706, 0.013051646, 0.0, 0.015583349, 0.010025827, 14.0, 12.8, 23.6, 8.0, 27.4, 32.3, 7.0, 26.7, 10.0, -1.821634584E9, 62.0
173, 78.22, 85.9, 9.43, 0.024, -0.009497407, -0.006658603, 0.0, 0.003329304, 0.002854109, 0.006979791, 0.021012589, 0.002873531, 0.013928806, 5.1, 9.9, 38.7, 5.7, 12.3, 17.8, 9.6, 20.9, 8.2, -1.806825047E9, 22.0
174, 57.81, 79.08, 9.54, 0.0, -0.005834448, -0.008671602, 0.007752278, 0.016738829, 0.01145557, -0.007832791, 9.50201E-4, 0.01084736, -0.002746053, 49.7, 11.3, 39.5, 14.0, 13.1, 40.7, 9.3, 32.3, 6.7, -1.806825047E9, 40.0
175, 27.91, 54.6, 9.05, 0.054, 0.007574225, -0.002567542, 0.010368274, 0.00367266, -0.003322661, 0.019354473, 0.010751868, -0.00103475, 0.009233671, 8.6, 3.9, 28.9, 4.7, 4.1, 17.8, 2.2, 9.1, 11.0, -1.821634584E9, 50.0
176, 28.73, 46.74, 9.06, 0.009, 0.036271557, 0.040760842, -0.001351306, 0.005214478, 0.00476039, -0.006617068, -0.002908421, 0.005179929, 0.003606254, 7.5, 11.4, 26.1, 14.0, 32.2, 27.8, 28.5, 29.0, 22.0, -1.821634584E9, 51.0
177, 28.95, 56.85, 9.9, 0.003, -0.001994969, -0.005213742, 0.006319121, -6.72343E-4, 0.001475515, -0.023469587, 0.008564121, -6.98728E-4, -0.008405198, 10.9, 12.4, 39.5, 12.5, 13.5, 34.2, 7.6, 25.5, 7.6, -1.821634584E9, 43.0
178, 33.19, 54.42, 10.32, 0.003, -0.012536673, -0.004136276, 0.003130399, 0.001553886, 0.004611876, 0.00152402, 0.00670439, 0.004297024, 0.008323168, 14.5, 18.4, 21.3, 4.0, 22.3, 39.8, 20.1, 18.5, 30.8, -1.821634584E9, 39.0
179, 21.42, 41.99, 10.27, 0.003, 0.016615187, 0.025284654, 0.015207304, 0.012583534, 0.016132238, 0.005188316, 0.019169169, 0.014512465, 0.015813252, 8.3, 6.8, 33.0, 4.2, 18.3, 28.0, 16.2, 26.3, 9.8, -1.821634584E9, 32.0
180, 27.03, 44.52, 10.13, 0.0, 0.006084621, 0.011543224, -0.003064311, 0.005402676, 0.007756573, 0.016706504, -0.002901027, 0.005445147, 0.005761581, 7.4, 6.9, 18.7, 4.2, 16.0, 32.0, 19.7, 60.6, 17.5, -1.821634584E9, 34.0
181, 29.46, 43.13, 9.93, 0.001, 0.004157378, 2.67365E-4, 0.002633813, -0.004776585, 0.001721987, -0.007039407, 0.00772294, -3.6404E-4, 4.12402E-4, 14.0, 2.4, 29.4, 2.8, 26.7, 19.5, 15.5, 15.0, 21.5, -1.821634584E9, 46.0
182, 23.98, 57.1, 9.89, 0.0, 0.008195123, 0.004858922, -0.006979274, -3.1212E-4, -0.006497119, 0.016608748, -0.003415873, -0.002200783, -0.004004496, 5.9, 5.9, 27.8, 9.5, 15.9, 30.7, 16.3, 18.2, 8.2, -1.821634584E9, 65.0
183, 26.14, 36.6, 10.04, 0.0, 0.009023651, 0.008482327, -0.009556581, -0.017129237, -0.011762884, 0.0, -0.007466312, -0.014179304, -0.010152977, 8.1, 28.0, 59.6, 4.3, 5.2, 13.5, 6.2, 9.9, 12.2, -1.821634584E9, 57.0
184, 27.15, 38.74, 10.08, 0.001, -0.007433515, -0.012106949, -0.006109338, -0.00425509, 5.70782E-4, -0.026742327, 0.005149428, -0.002034007, -5.9241E-4, 17.0, 7.4, 28.3, 7.5, 9.8, 34.0, 4.0, 9.5, 5.2, -1.821634584E9, 59.0
185, 29.95, 40.16, 9.89, 0.001, 0.004001644, 6.24585E-4, 0.017652877, 0.027374714, 0.016296382, -0.025298876, 0.015796766, 0.017615119, -0.003191672, 5.6, 2.4, 52.7, 7.2, 29.7, 27.5, 12.3, 28.6, 20.3, -1.821634584E9, 27.0
186, 41.8, 45.21, 9.79, 0.0, 0.011414049, 0.014048353, -0.00223207, -0.00398085, -0.001162183, 0.009018586, -0.001338208, -0.001245038, 0.008961924, 10.2, 9.2, 11.2, 20.3, 15.8, 19.7, 10.9, 18.4, 14.7, -1.821634584E9, 30.0
187, 34.44, 45.14, 9.74, 0.002, -0.009442384, -0.006064639, -0.003333824, -0.006736539, -0.005012834, 0.003264897, 0.004610893, -0.004051818, -7.43823E-4, 24.5, 16.5, 27.1, 14.0, 11.9, 14.4, 10.7, 8.1, 8.5, -1.821634584E9, 66.0
188, 25.84, 43.11, 9.7, 0.001, -0.002213036, -0.006405308, -0.026097229, -0.021481345, -0.016913099, -0.015373314, -0.017364366, -0.017376967, -0.003233047, 4.5, 5.2, 25.7, 9.5, 25.9, 34.6, 13.4, 26.3, 4.0, -1.821634584E9, 63.0
189, 40.66, 39.83, 9.95, 0.0, -0.020018346, -0.026805495, -0.004515691, -0.015722781, -0.01177715, -0.025040742, 0.011724119, -0.016212542, -0.0087413, 27.2, 15.4, 5.9, 6.3, 24.4, 49.1, 15.6, 26.9, 13.2, -1.821634584E9, 63.0
190, 30.74, 45.08, 9.95, 0.0, 0.023026511, 0.032177895, 0.014765453, 0.007461259, 0.007110786, -0.005913542, 0.019378789, 0.008032903, 0.001991938, 12.4, 4.5, 21.5, 8.1, 19.0, 23.6, 19.3, 30.0, 14.3, -1.821634584E9, 54.0
191, 29.06, 42.39, 10.1, 0.0, 0.031160934, 0.044574339, 0.013612406, 0.026650954, 0.022377758, 0.001787643, 0.004830464, 0.023523141, 0.013076211, 20.6, 21.2, 18.3, 6.5, 40.1, 50.4, 11.6, 53.0, 7.2, -1.821634584E9, 64.0
192, 26.41, 44.3, 10.19, 0.0, -0.008730222, -0.009687353, 0.00270795, -0.002989809, -0.005679782, 0.011061401, -5.26698E-4, -0.004043262, 0.004295981, 14.7, 27.4, 22.5, 5.2, 22.4, 28.1, 12.6, 39.0, 15.4, -1.821634584E9, 56.0
193, 35.33, 43.39, 10.35, 0.0, 0.01706096, 0.022759764, 0.007442123, 0.013346692, 0.008905403, 0.003348606, 0.017753912, 0.010892793, 0.00769598, 10.8, 6.8, 11.0, 7.5, 17.1, 8.0, 16.1, 19.0, 7.8, -1.821634584E9, 70.0
194, 32.12, 45.33, 10.54, 0.0, 0.006746257, 0.004064031, 0.005624801, -8.15511E-4, 0.001415209, 0.018532577, 0.004865809, 9.16E-5, 0.006176262, 3.6, 5.5, 17.2, 5.2, 8.8, 31.1, 5.8, 7.4, 7.1, -1.821634584E9, 77.0
195, 41.7, 63.47, 10.6, 0.0, 0.015520491, 0.015381762, 0.004376823, 0.012414134, 0.009313514, 0.005989183, 0.008934388, 0.010575071, 0.004343661, 15.3, 4.5, 32.7, 6.7, 8.3, 25.4, 9.6, 16.8, 14.2, -1.821634584E9, 72.0
196, 40.8, 48.79, 10.8, 0.0, -0.01843108, -0.014092117, -0.002791504, -0.011988795, -0.010825728, 0.0, 0.0, -0.010315897, 4.48E-5, 0.6, 6.7, 32.6, 1.5, 7.5, 18.7, 6.2, 11.9, 4.3, -1.821634584E9, 59.0
197, 32.54, 50.82, 10.73, 0.001, 0.018883892, 0.026777977, 0.017393671, 0.024175548, 0.019596792, -0.001623895, 0.023769337, 0.019869578, 0.016426627, 5.5, 4.6, 64.0, 7.5, 11.8, 28.3, 8.1, 13.7, 12.6, -1.821634584E9, 41.0
198, 31.7, 47.81, 10.67, 0.003, -1.60911E-4, 0.001926307, 0.004148815, -0.004000036, -0.006317357, 0.017581736, 0.007554361, -0.004118031, 0.001776709, 9.0, 8.6, 14.2, 3.7, 12.8, 38.7, 6.3, 21.5, 6.4, -1.821634584E9, 27.0
199, 40.27, 45.1, 10.82, 0.002, -0.024346941, -0.034743583, -0.008131019, -0.015099439, -0.006299717, 0.00184522, -0.007569466, -0.009167473, -0.00619924, 15.2, 3.4, 44.9, 4.7, 11.5, 35.6, 5.0, 23.7, 4.2, -1.821634584E9, 44.0
200, 32.95, 47.81, 10.71, 0.003, 0.009915384, 0.010606877, 0.009361385, 0.018829544, 0.017437916, -0.002054253, 0.015572973, 0.01594895, 0.010830679, 9.0, 8.4, 38.0, 6.5, 19.2, 24.5, 14.3, 40.5, 14.5, -1.821634584E9, 45.0
201, 41.23, 49.81, 10.47, 0.004, 0.01507818, 0.018463331, -0.006258672, -0.006994001, -0.007240005, 0.009753472, -0.029215459, -0.005858889, -0.003248157, 19.9, 9.1, 28.0, 3.7, 29.8, 39.6, 35.7, 31.4, 48.5, -1.821634584E9, 53.0
202, 32.75, 48.82, 10.43, 0.011, 0.004774399, -0.003019502, -0.008893203, 0.003730277, 0.002761565, -3.33813E-4, 0.002798402, 0.001612484, -0.002497166, 6.3, 14.9, 13.3, 8.5, 17.6, 12.6, 20.2, 24.7, 18.0, -1.821634584E9, 62.0
203, 28.13, 44.93, 10.38, 0.005, -0.005441211, -0.009280968, 0.010587366, -0.012169423, -0.009651017, -0.006428974, 0.009861728, -0.010527017, -0.005011615, 6.6, 6.5, 44.9, 2.2, 10.3, 25.4, 22.8, 10.4, 9.4, -1.821634584E9, 68.0
204, 43.77, 54.76, 10.47, 0.003, 0.007105868, 0.010879518, -0.012253261, -0.003943263, 0.006736868, 0.001539648, -0.016403557, -7.78076E-4, 0.003919997, 23.0, 11.2, 58.1, 6.7, 15.3, 64.8, 22.2, 33.8, 10.0, -1.821634584E9, 62.0
205, 36.27, 43.68, 10.56, 0.001, -0.002934588, -0.010121663, -0.011786491, -0.017235792, -0.009756362, 0.007714027, 4.14922E-4, -0.013986319, 2.55686E-4, 14.9, 11.5, 25.0, 4.0, 8.2, 7.1, 3.3, 15.8, 13.8, -1.821634584E9, 37.0
206, 19.36, 41.66, 10.53, 0.006, -0.01632457, -0.026367552, -0.003323385, -0.001266274, 0.001789718, -0.014596557, -0.03002245, 5.50359E-4, -0.014859632, 8.0, 6.7, 30.0, 4.0, 20.3, 27.0, 14.8, 33.6, 6.7, -1.821634584E9, 26.0
207, 35.03, 43.79, 10.59, 0.003, -0.030082971, -0.030080424, -0.019734359, -0.024931016, -0.023460916, -0.013546473, -0.048646098, -0.021614441, -0.02595065, 6.0, 7.5, 58.3, 2.3, 19.9, 18.4, 8.8, 50.2, 13.7, -1.821634584E9, 20.0
208, 31.82, 43.7, 10.57, 0.023, -0.035849614, -0.036051349, -0.006195842, -0.014904187, -0.007091458, -0.004008998, 0.022743939, -0.005098468, -0.006025, 6.8, 3.3, 26.9, 7.2, 20.5, 38.2, 8.5, 53.4, 8.1, -1.821634584E9, 30.0
209, 31.92, 40.96, 10.62, 0.0, 0.005735384, -0.001328301, 0.006435592, 0.002924642, 0.011823963, -0.023369712, 0.017667081, 0.006416061, -0.001535758, 7.2, 8.1, 41.2, 8.8, 16.4, 40.8, 10.2, 29.2, 12.5, -1.821634584E9, 38.0
210, 45.84, 46.92, 10.64, 0.011, -0.02390659, -0.030117918, 0.002423036, -0.014367602, -0.013272131, 0.004210263, 0.0, -0.014107112, -0.007353045, 5.7, 20.0, 9.9, 25.0, 11.9, 26.2, 34.1, 12.3, 12.9, -1.821634584E9, 60.0
211, 37.49, 50.77, 10.73, 0.005, 0.020219135, 0.028040939, 0.00104211, 0.016833799, 0.013937989, 0.0, 0.02007084, 0.016556042, 0.018558259, 8.3, 4.5, 33.6, 9.2, 71.9, 68.1, 31.0, 69.5, 44.7, -1.821634584E9, 62.0
212, 9.55, 65.34, 8.42, 0.0, 3.51028E-4, 0.004521631, 0.019052883, 0.006716638, 0.00345923, -0.012971414, 0.014029703, 0.006450039, 0.00236358, 9.4, 2.9, 38.4, 6.2, 19.9, 20.0, 12.0, 9.4, 20.5, -1.821634584E9, 57.0
213, 91.4, 64.61, 8.73, 0.0, -0.006962099, -0.001013832, 0.002500083, 0.001336473, 0.003330642, 0.007372851, -0.005414533, 0.001380545, 0.004129933, 8.1, 10.4, 32.9, 7.2, 22.5, 25.6, 17.5, 12.5, 13.2, -1.821634584E9, 54.0
214, 75.83, 141.5, 9.05, 0.0, 0.016985685, 0.022223315, 0.021995171, 0.023672397, 0.017826815, 0.002004252, 0.026753968, 0.019047949, 0.017839994, 12.4, 9.3, 17.5, 7.3, 35.7, 42.0, 12.9, 36.9, 16.0, -1.821634584E9, 62.0
215, 79.47, 180.6, 9.34, 0.0, 0.00751899, 0.007653769, -6.4E-5, -0.001160874, -8.98172E-4, 0.0062745, 0.001343224, -0.002355524, 0.004411033, 28.3, 9.9, 11.2, 5.2, 11.3, 20.1, 6.9, 45.6, 7.2, -1.821634584E9, 56.0
216, 75.83, 135.8, 9.3, 0.0, 0.015029496, 0.017689104, 0.005019358, 0.009777103, 0.006916092, 9.62E-5, 0.00192867, 0.00648076, 0.007978584, 9.0, 5.9, 51.1, 5.4, 21.6, 62.9, 12.1, 23.4, 22.6, -1.821634584E9, 45.0
217, 62.48, 148.8, 9.37, 0.02, -0.002417171, -0.006917942, -0.010312341, -7.74776E-4, 0.001840032, -0.006829608, -0.030305118, -1.05516E-4, -0.010681845, 8.8, 12.9, 40.4, 4.9, 10.0, 15.5, 11.5, 15.8, 9.6, -1.821634584E9, 48.0
218, 90.0, 155.9, 9.46, 0.007, -0.006258617, -0.009044561, 0.005722896, 0.004029681, 0.003764345, -0.003492249, 0.013531422, 0.001930278, 0.002916671, 11.0, 13.5, 17.0, 5.3, 14.5, 32.9, 9.0, 22.2, 10.4, -1.806825047E9, 44.0
219, 76.62, 196.6, 9.78, 0.0, 0.00685869, 0.010121533, 0.014363915, 0.020535632, 0.016162763, 0.002133785, 0.019719781, 0.014123227, 0.01569294, 7.0, 7.1, 13.1, 3.1, 12.8, 26.2, 10.4, 14.9, 13.1, -1.821634584E9, 43.0
220, 67.74, 206.8, 10.14, 0.0, -0.031914469, -0.034907071, 9.19076E-4, -0.004556587, -0.006860195, -0.006275279, 0.011624134, -0.006568908, 9.17437E-4, 3.1, 5.9, 78.3, 5.5, 19.9, 15.3, 15.8, 21.2, 7.6, -1.821634584E9, 41.0
221, 73.51, 196.7, 10.53, 0.0, -0.017581763, -0.0164249, -4.68443E-4, 0.001587406, -7.11078E-4, -0.005475434, -0.013291515, 5.38703E-4, -0.001784346, 5.5, 4.3, 26.3, 11.0, 12.9, 29.9, 9.4, 20.3, 14.7, -1.806825047E9, 74.0
222, 74.4, 215.3, 10.85, 0.0, -0.006598214, -0.013773197, -0.013516784, -0.014870868, -0.014024999, -0.013245613, -0.002845466, -0.015621595, -0.005447913, 12.6, 15.1, 60.7, 16.4, 13.6, 22.8, 21.5, 12.6, 17.2, -1.821634584E9, 46.0
223, 43.78, 126.4, 10.47, 0.0, -0.019347799, -0.022447375, -0.003220084, -0.006868283, -0.003099127, -0.005438097, 0.007240748, -0.005852463, -0.003116793, 10.8, 6.2, 13.9, 5.5, 26.0, 27.1, 18.5, 16.8, 31.8, -1.821634584E9, 44.0
224, 81.0, 204.3, 10.44, 0.002, 0.012533508, 0.013944427, 0.013523927, 0.024132783, 0.019629363, -0.010169798, 0.0, 0.020448651, 0.007984955, 14.5, 4.1, 12.4, 9.8, 27.7, 21.9, 40.9, 14.2, 25.5, -1.821634584E9, 28.0
225, 44.82, 201.5, 10.77, 0.0, -0.00630611, -0.010003918, -5.3348E-4, -0.005560568, -0.00589917, 0.0, 0.007575003, -0.006402333, -0.004366385, 13.6, 30.2, 37.4, 10.3, 10.4, 29.4, 15.6, 16.3, 14.6, -1.806825047E9, 30.0
226, 18.53, 144.5, 10.9, 0.0, 5.5265E-4, 0.006343138, 0.004494025, 0.005825982, 0.007634196, 0.004251934, 0.008873566, 0.00538219, 0.004211632, 12.7, 8.8, 9.3, 6.2, 22.3, 16.6, 16.1, 33.8, 13.8, -1.821634584E9, 54.0
227, 65.43, 195.6, 10.9, 0.002, 0.011903098, -8.38954E-4, -0.001594961, -0.004561466, -0.009853035, 0.01373337, 0.009218681, -0.008318025, -0.004415635, 13.7, 10.1, 26.8, 5.3, 27.3, 37.1, 44.7, 45.4, 25.4, -1.806825047E9, 34.0
228, 75.83, 197.4, 11.0, 0.0, 0.038612983, 0.045764354, 3.42636E-4, 8.77292E-4, 0.002857252, 0.003830851, 0.001006117, 0.002869599, 0.005985534, 8.0, 10.2, 11.9, 4.5, 11.2, 19.3, 8.7, 46.6, 7.5, -1.821634584E9, 32.0
229, 72.42, 185.9, 11.08, 0.0, 0.036468359, 0.042937262, -0.008437646, -0.001961561, -0.002706667, 0.037655681, -0.004381808, -7.26E-5, 0.003023668, 18.1, 7.8, 19.1, 2.2, 32.2, 56.6, 37.8, 14.2, 40.8, -1.806825047E9, 26.0
230, 81.6, 176.4, 11.03, 0.0, 0.008514453, 0.011556349, 0.00549437, 0.008163663, 0.001767682, 0.004491949, -0.010462209, 0.007764681, -7.46E-5, 5.4, 20.9, 10.6, 8.5, 17.1, 14.9, 21.0, 62.0, 9.4, -1.821634584E9, 51.0
231, 80.4, 205.8, 10.85, 0.0, -0.003723744, -0.011418107, -0.002471451, -0.005671256, -0.002200676, 0.014364649, 0.01334176, -0.003357898, 4.03137E-4, 8.8, 10.7, 26.1, 5.0, 25.8, 27.3, 8.5, 18.4, 23.5, -1.821634584E9, 34.0
232, 72.26, 204.6, 10.85, 0.0, -0.006519958, -0.008669326, -0.010304438, -0.016764488, -0.016632558, -0.002671846, -0.011494464, -0.015214504, -0.006006925, 0.8, 2.4, 8.9, 3.8, 15.0, 26.5, 6.5, 22.5, 7.5, -1.821634584E9, 25.0
233, 57.99, 195.4, 11.02, 0.0, -0.008229144, -0.011447394, 0.003665636, -0.007187485, -0.003682751, -0.013477367, 0.004169712, -0.00846942, -0.004478545, 3.1, 14.8, 35.0, 5.5, 12.2, 36.1, 13.1, 17.3, 6.4, -1.806825047E9, 36.0
234, 53.24, 186.0, 11.15, 0.0, 0.008292258, 0.010238217, 0.005822698, 0.010774209, 0.007752496, -0.01428485, 0.010472525, 0.008986643, 0.003191354, 2.3, 6.4, 39.2, 10.2, 7.7, 29.7, 6.6, 10.8, 9.0, -1.806825047E9, 39.0
235, 55.13, 192.3, 11.33, 0.0, -0.004204453, -4.14E-5, 0.003676275, 0.00824579, 0.003274322, 0.024542197, 0.007811917, 0.003094079, 0.005524348, 62.8, 6.9, 28.1, 19.0, 25.0, 44.2, 10.1, 48.2, 18.3, -1.821634584E9, 58.0
236, 63.38, 194.5, 11.24, 0.0, 0.016307467, 0.01066707, 0.00693534, 0.007954327, 0.010154291, -2.16686E-4, 0.001183125, 0.008030007, 0.00432518, 9.7, 3.5, 27.4, 5.0, 14.2, 26.3, 11.1, 32.2, 18.3, -1.806825047E9, 47.0
237, 57.82, 173.1, 11.02, 0.001, 0.004990278, -8.19E-5, -0.00556247, 0.001563684, -0.005565475, -0.002199201, -5.48103E-4, -0.001427231, -0.003226927, 3.0, 8.3, 38.5, 4.0, 10.0, 20.7, 10.6, 23.9, 3.0, -1.806825047E9, 45.0
238, 59.57, 180.3, 10.96, 0.003, 0.007262631, 0.00852825, 0.001127594, 0.015722357, 0.006505713, 0.009272117, -0.009990441, 0.010294153, -0.001744163, 15.5, 9.6, 87.4, 5.9, 13.2, 94.9, 13.0, 28.0, 17.4, -1.821634584E9, 62.0
239, 65.11, 206.1, 11.02, 0.006, -0.016948929, -0.022729184, -0.011880825, -0.010042756, -0.019492167, -0.00133817, -0.022906153, -0.013355087, -0.009605113, 9.3, 6.0, 24.9, 5.2, 32.1, 18.4, 16.8, 23.3, 19.8, -1.806825047E9, 20.0
240, 55.8, 180.6, 11.06, 0.091, 0.003501244, 0.002705254, 0.005812939, -0.002266256, -0.003994475, -0.002142241, -0.004093774, -0.005558315, -0.003679224, 9.9, 7.5, 27.0, 4.2, 11.6, 6.9, 14.8, 26.9, 7.6, -1.821634584E9, 25.0
241, 44.84, 184.2, 11.12, 0.11, 0.022530184, 0.019354087, 0.010448907, 0.016889059, 0.018531052, 0.00407567, -0.013095524, 0.015016334, -0.003770928, 6.3, 14.6, 15.7, 10.0, 12.5, 30.0, 13.2, 40.2, 10.7, -1.821634584E9, 46.0
242, 47.17, 171.9, 11.43, 0.009, 0.004894702, 0.00344592, 0.00355724, 0.002553002, 0.006533202, 0.018925254, 0.022394312, 0.007488026, 0.009237022, 10.5, 9.9, 9.5, 5.0, 37.8, 38.8, 28.6, 9.9, 26.2, -1.821634584E9, 30.0
243, 49.18, 200.5, 11.82, 0.001, -0.007211305, -0.007540691, 0.002296069, 0.001974271, 0.00816743, 0.015194209, 0.002533203, 0.004134724, 0.007803515, 10.4, 6.8, 9.9, 4.0, 16.2, 28.2, 12.2, 26.1, 31.0, -1.821634584E9, 39.0
244, 51.8, 185.6, 12.0, 0.046, 0.00581665, 0.01348731, 0.005242394, 0.007605159, 0.005568563, 0.0, 0.004620241, 0.001824665, 0.004780622, 0.4, 1.4, 6.9, 1.5, 10.5, 22.0, 10.2, 22.7, 9.6, -1.821634584E9, 60.0
245, 64.0, 181.8, 12.13, 0.009, 0.003891123, 0.005091265, 0.001153372, 0.0, 0.006494488, -0.00401396, 0.0, 0.0, 3.40369E-4, 8.2, 6.4, 42.8, 12.0, 20.4, 35.4, 21.3, 71.1, 11.8, -1.821634584E9, 58.0
246, 40.86, 166.7, 12.17, 0.009, -8.11768E-4, -0.001677504, 0.0, 0.0, 0.0, 0.013206723, 0.0, 0.003681056, 0.004142079, 5.4, 14.1, 31.2, 16.0, 23.5, 27.2, 16.3, 27.3, 12.0, -1.806825047E9, 24.0
247, 52.11, 158.2, 12.47, 0.005, 0.00322285, 0.005816643, -0.001401965, 0.001436601, 0.0, 3.60093E-4, 0.00578571, 0.004186106, -1.90542E-4, 15.0, 9.1, 20.6, 6.0, 25.2, 61.6, 10.5, 45.4, 12.0, -1.821634584E9, 52.0
248, 42.26, 177.7, 12.8, 0.0, -0.002274045, -0.004334286, 1.95328E-4, -0.009043439, -0.007327798, -0.008649774, 0.004266393, -0.00746846, 3.40849E-4, 11.7, 4.3, 9.2, 3.6, 17.3, 36.0, 18.2, 42.5, 12.9, -1.806825047E9, 23.0
249, 33.52, 173.7, 12.91, 0.001, 0.022138372, 0.034372174, -0.010100375, 0.015138061, 0.002775005, 0.010221194, 0.0210203, 7.83591E-4, 0.00685449, 32.0, 11.6, 40.5, 4.7, 31.4, 42.1, 13.2, 24.5, 26.3, -1.821634584E9, 54.0
250, 31.0, 161.0, 12.89, 0.001, 0.010229371, 0.014477562, 0.015916069, 0.0, 0.016017643, 0.0, 0.0, 0.016777763, 0.00839901, 26.2, 19.2, 18.8, 4.5, 9.1, 8.2, 7.6, 14.1, 8.6, -1.821634584E9, 42.0
251, 20.95, 158.4, 12.79, 0.007, 0.013898022, 0.024018915, 0.003110806, -0.00272182, 0.00402802, 0.002534611, 0.002780057, 0.00131582, 0.00806674, 9.8, 4.0, 36.0, 3.0, 17.0, 50.2, 15.7, 21.1, 8.6, -1.821634584E9, 35.0
252, 26.21, 154.2, 12.86, 0.043, 0.007956979, 0.005706348, 5.45376E-4, 4.09408E-4, 0.001357159, 0.004634515, 0.006937723, 5.85708E-4, 0.00532962, 9.2, 30.9, 48.9, 7.5, 9.4, 33.7, 16.7, 40.0, 12.0, -1.821634584E9, 37.0
253, 16.74, 162.1, 12.91, 0.022, 0.007771749, 0.007498474, 0.003993283, -0.002483888, -5.96923E-4, -0.00465043, -0.00393824, -3.59589E-4, -0.006374655, 10.7, 11.4, 86.3, 4.9, 20.6, 27.5, 14.3, 37.9, 15.6, -1.806825047E9, 38.0
254, 10.37, 202.3, 13.1, 0.025, -0.003189192, 8.35311E-4, 0.002877549, 0.003027297, 0.001356129, 0.010862314, -0.002672088, 0.003554423, 0.001229253, 10.5, 7.6, 10.0, 6.8, 13.5, 11.0, 20.4, 27.6, 19.6, -1.806825047E9, 46.0
255, 32.37, 163.6, 13.17, 0.002, -0.016130747, -0.006032639, 0.001745232, 4.78552E-4, 7.04461E-4, 0.007456628, 0.002416559, -4.97677E-4, 0.005447372, 3.2, 17.1, 27.9, 2.2, 18.1, 16.5, 14.4, 30.8, 6.7, -1.806825047E9, 64.0
256, 44.06, 177.0, 13.32, 0.001, -0.00454863, -0.004338703, -0.009425438, -0.016272734, -0.007139781, 0.0, -0.005081536, -0.009893407, -0.003729203, 11.3, 7.8, 19.8, 2.5, 30.1, 18.6, 14.5, 31.0, 16.4, -1.821634584E9, 56.0
257, 25.97, 171.7, 13.46, 0.0, 0.017559249, 0.021362493, 0.008291384, 0.003383132, -0.004593435, -0.013334968, 0.004399805, -7.47E-5, -0.007263452, 5.3, 7.4, 2.8, 2.2, 19.2, 25.0, 16.3, 17.6, 14.8, -1.821634584E9, 53.0
258, 27.49, 162.8, 13.5, 0.0, 0.00207392, -0.002075816, 0.002423567, 0.004307228, 0.0045025, 0.015954902, -0.008331836, 0.005499697, 0.002312679, 6.0, 9.9, 77.7, 22.0, 18.0, 13.2, 7.3, 26.3, 12.8, -1.821634584E9, 56.0
259, 25.12, 233.3, 13.63, 0.0, -0.013516994, -0.015515838, -0.010882186, -0.019033264, -0.007814822, 0.006799546, -0.011860723, -0.011114664, -0.002056452, 17.2, 7.9, 25.6, 4.5, 11.4, 67.9, 24.2, 58.1, 16.7, -1.821634584E9, 57.0
260, 0.0, 0.0, 13.24, 0.203, 0.010044257, 0.013494937, 0.012422194, 0.007220334, 0.007123448, -0.011633501, 0.006113663, 0.005403105, 0.001725396, 7.6, 13.8, 45.9, 7.0, 40.9, 32.6, 16.1, 19.2, 7.2, -1.821634584E9, 62.0
261, 29.81, 155.8, 13.28, 0.035, 0.011097874, 0.007783483, 0.0, 0.009740279, 0.003397687, -0.008342332, 0.00729312, 0.005296237, 0.002118634, 33.4, 21.4, 10.0, 14.9, 32.0, 63.4, 33.3, 32.7, 33.5, -1.821634584E9, 69.0
262, 48.07, 227.9, 13.15, 0.0, 0.00559711, 0.002293962, -0.010654438, -0.0211286, -0.016883672, -0.002546691, -0.024749831, -0.017593107, -0.009050756, 84.5, 13.6, 15.8, 13.0, 13.2, 12.1, 6.5, 47.3, 4.3, -1.821634584E9, 55.0
263, 53.92, 175.0, 13.13, 0.022, -0.003033665, -0.01301137, -0.019126605, -0.018030406, -0.015935777, 0.012116266, -0.028707259, -0.013776535, -0.014855548, 12.3, 14.0, 21.1, 3.3, 24.7, 21.6, 15.0, 16.9, 22.0, -1.821634584E9, 45.0
264, 53.42, 202.5, 13.29, 0.0, -0.023856682, -0.027452668, -0.022389806, -0.009027974, -0.006034931, -0.025898322, -7.54774E-4, -0.008199445, -0.012384604, 14.6, 15.7, 20.2, 18.7, 6.5, 13.7, 10.3, 10.1, 5.7, -1.821634584E9, 56.0
265, 42.77, 166.1, 13.1, 0.139, 0.005236694, 0.003951546, 0.004587541, -0.011292033, -0.008084639, -0.007378995, -0.010566044, -0.007667436, -0.004143634, 27.8, 6.8, 20.9, 5.2, 16.6, 34.8, 17.2, 17.1, 31.3, -1.821634584E9, 46.0
266, 19.17, 159.5, 12.48, 0.178, 6.71833E-4, -0.008489498, -0.004212071, 0.006647636, 0.003150745, -0.017987842, 0.0, 0.003881709, -0.017437655, 12.7, 10.0, 42.3, 4.0, 42.1, 24.9, 16.1, 59.7, 10.0, -1.821634584E9, 50.0
267, 20.75, 160.9, 12.8, 0.01, -0.004547723, 2.87764E-4, 0.004868323, -0.004549107, -0.011320444, -0.007114645, -0.006952874, -0.010127461, -0.007275356, 9.4, 12.0, 70.9, 2.0, 13.6, 33.6, 13.2, 32.5, 10.9, -1.821634584E9, 54.0
268, 18.02, 165.3, 12.59, 0.01, 0.012852447, 0.012920276, -0.011888153, -0.018397215, -0.013856946, 0.01569829, 0.007929139, -0.012274409, 0.010577309, 6.6, 8.8, 24.3, 7.1, 15.2, 23.4, 8.2, 10.8, 8.5, -1.821634584E9, 45.0
269, 20.91, 158.7, 12.34, 0.096, -0.002190987, -9.08373E-4, -0.009877767, 0.012280944, 0.008283224, -0.020983357, -0.002839913, 0.010072536, -0.006314758, 0.5, 3.3, 27.3, 9.3, 3.0, 9.1, 1.0, 5.6, 0.7, -1.821634584E9, 65.0
270, 18.89, 158.6, 12.47, 0.03, 0.015891732, 0.015822193, 0.014165355, 0.008113141, 0.011288078, 6.84211E-4, 0.01773123, 0.008520053, 0.001816917, 12.8, 9.6, 29.0, 13.7, 28.7, 25.2, 23.3, 18.5, 29.0, -1.821634584E9, 55.0
271, 24.38, 160.5, 12.49, 0.091, -0.006837607, -0.00318405, 0.012889515, 0.009711326, 0.006818187, 0.016142372, 0.008838432, 0.009226841, 0.001154004, 9.8, 14.7, 52.6, 17.2, 9.7, 20.5, 12.3, 14.6, 9.6, -1.806825047E9, 67.0
272, 6.107, 175.6, 10.32, 0.0, -0.001432456, 6.67055E-4, -0.005489426, -0.006601821, -0.005732524, 0.003199938, -8.04338E-4, -0.005941013, 0.011540842, 22.2, 9.1, 50.5, 7.8, 15.0, 44.5, 8.2, 27.5, 16.0, -1.806825047E9, 38.0
273, 14.23, 161.6, 10.38, 0.0, -0.029575211, -0.040104449, -0.031635816, -0.024784117, -0.021901495, -0.004657935, -0.048466862, -0.027518736, -0.019774104, 8.7, 10.5, 34.3, 5.0, 20.1, 51.2, 19.8, 42.1, 21.6, -1.821634584E9, 49.0
274, 17.07, 165.2, 10.41, 0.008, -0.038300784, -0.053826569, 0.002892972, -0.018035461, -0.01537255, -0.029286272, -0.018485573, -0.021005008, -0.02729, 9.1, 10.3, 28.0, 5.0, 18.8, 18.0, 18.0, 28.5, 15.2, -1.806825047E9, 31.0
275, 17.02, 161.4, 10.6, 0.032, -0.030015785, -0.031003435, -0.008902849, 0.009251668, 0.006185262, -0.010522409, 0.006194626, 0.006990165, -0.003809534, 8.5, 16.7, 33.2, 5.7, 17.5, 28.7, 12.1, 23.6, 21.0, -1.806825047E9, 33.0
276, 54.59, 348.5, 9.22, 0.0, 0.017725401, 0.024150031, 0.012955814, 0.002441933, 0.003821998, -0.001902969, 0.024479016, 0.002812647, 0.012960538, 25.0, 9.1, 24.6, 7.8, 23.3, 27.3, 26.3, 24.7, 37.2, -1.806825047E9, 38.0
277, 60.55, 303.2, 9.38, 0.133, -0.00510604, -0.00277599, 0.007398858, 0.006907373, 0.003943854, 0.015909378, 0.02156801, 0.005973752, 0.003336998, 6.0, 7.6, 20.9, 1.3, 19.8, 37.8, 21.0, 27.4, 38.0, -1.821634584E9, 44.0
278, 68.34, 325.4, 9.5, 0.0, 0.015960155, 0.013763277, 0.0, -0.005876669, 0.005731788, 0.0, 0.0, 5.20113E-4, 0.0111113, 10.6, 6.8, 10.8, 8.5, 37.1, 52.5, 30.1, 30.2, 27.0, -1.821634584E9, 59.0
279, 45.02, 298.2, 9.5, 0.0, -0.00619301, -0.009244139, -0.002748402, -6.43384E-4, -0.003687892, 0.0, -0.004152024, -0.003473171, -0.002354158, 12.1, 4.6, 44.5, 4.0, 17.2, 29.8, 14.6, 34.7, 20.1, -1.806825047E9, 93.0
280, 19.09, 333.0, 9.17, 0.0, 0.005285259, 0.006210933, 0.017840667, 0.001945241, 0.00484967, -0.007847648, 0.021481974, 0.002932286, 0.002296293, 10.2, 20.7, 26.7, 1.6, 19.1, 22.4, 11.5, 19.2, 8.0, -1.806825047E9, 84.0
281, 6.368, 326.8, 9.17, 0.01, 0.008033964, 0.011155246, 0.0, 0.014594224, 0.014714623, 0.002090032, 0.0, 0.01261871, 0.005947344, 54.9, 30.9, 33.0, 10.9, 12.5, 22.7, 6.8, 28.8, 7.4, -1.806825047E9, 80.0
282, 48.77, 299.0, 8.99, 0.048, 0.029039821, 0.032506145, 0.004228991, 0.010003233, 0.006178316, 0.026802541, 0.0, 0.010460354, 0.010310325, 8.2, 13.0, 14.5, 15.7, 30.6, 47.2, 8.7, 46.7, 18.2, -1.821634584E9, 60.0
283, 50.37, 302.1, 8.97, 0.021, -0.015578937, -0.024484193, 0.006563167, 0.005661717, 0.00914954, 0.002796172, 0.008155698, 0.007058343, -0.002326162, 10.5, 4.5, 12.4, 13.0, 30.5, 24.1, 10.3, 54.3, 11.0, -1.806825047E9, 40.0
284, 0.002, 297.7, 9.14, 0.0, 0.016435847, 0.012866975, 0.002184195, 0.00730372, 0.006196607, -0.020735598, -0.003529424, 0.006743182, -0.008235251, 13.2, 9.4, 28.4, 8.2, 14.3, 24.9, 22.4, 40.3, 11.3, -1.806825047E9, 42.0
285, 8.17, 270.3, 9.78, 0.0, -0.013711428, -0.007825399, -0.001046374, -0.005891087, -0.001139091, 0.026983641, -0.006128479, -0.002708243, 0.008018818, 57.0, 38.7, 133.8, 11.4, 37.4, 33.4, 21.6, 18.8, 34.6, -1.821634584E9, 35.0
286, 22.16, 267.0, 9.85, 0.0, -0.02262045, -0.032981934, -0.012176614, -0.014942926, -0.006937181, -0.0046616, -0.016145356, -0.011454109, -0.001826145, 14.2, 18.7, 49.7, 8.0, 15.6, 26.2, 10.0, 14.6, 11.0, -1.806825047E9, 39.0
287, 0.0, 0.0, 9.74, 0.0, -0.03476938, -0.043526856, 0.009673506, 0.002039293, 0.00521675, -0.01491639, -0.004745921, 0.003122244, -0.006394627, 18.2, 15.1, 39.9, 4.2, 18.5, 41.5, 14.0, 20.8, 14.9, -1.821634584E9, 49.0
288, 9.97, 162.8, 9.84, 0.0, -0.018702566, -0.020265321, -0.002083164, -0.014923347, -0.012183446, -0.009543543, 0.004942549, -0.014050056, -0.006927662, 9.6, 7.6, 34.2, 16.0, 13.9, 53.3, 13.7, 22.7, 13.7, -1.821634584E9, 53.0
289, 21.39, 211.3, 9.88, 0.001, 0.019627036, 0.022167027, 0.001404348, 0.011882495, 0.014352198, 0.002379872, 0.005760663, 0.013824601, 0.007745793, 10.5, 12.7, 34.1, 8.5, 17.7, 25.6, 22.1, 35.6, 22.3, -1.821634584E9, 60.0
290, 24.62, 196.6, 10.15, 0.0, 0.029306318, 0.029827052, 0.010107284, 0.020341986, 0.009553621, 0.00453541, 0.010842768, 0.013641532, 0.011574976, 12.5, 4.6, 23.7, 3.6, 14.2, 25.1, 12.4, 19.4, 15.9, -1.821634584E9, 53.0
291, 18.08, 176.3, 10.15, 0.0, 0.005696108, 0.008177214, 0.002327644, 0.010974804, 0.014362047, 0.004881862, 0.008162585, 0.010262272, 0.00828374, 4.9, 23.0, 36.4, 15.2, 6.7, 19.8, 14.4, 21.1, 5.6, -1.821634584E9, 62.0
292, 29.03, 169.1, 10.2, 0.001, 0.00432159, 0.003799038, 4.29127E-4, 0.007127584, 0.008913314, 0.003057392, -0.002038104, 0.008006659, 0.003711996, 3.9, 3.8, 15.9, 3.2, 10.2, 37.9, 6.0, 19.7, 7.4, -1.821634584E9, 52.0
293, 10.83, 193.5, 10.37, 0.0, -0.005009524, -0.00872609, 0.003729217, -0.003885239, -0.001084952, -0.010532058, 0.002569101, -6.17057E-4, -0.004067471, 6.0, 17.4, 9.9, 20.5, 17.0, 28.3, 6.3, 21.1, 15.6, -1.806825047E9, 44.0
294, 83.5, 172.0, 10.07, 0.034, 0.022773381, 0.022575537, 0.0139103, 0.014056986, 0.013049525, 0.021764786, 0.015103242, 0.014754495, 0.010645201, 30.0, 5.2, 22.6, 10.1, 12.5, 11.3, 20.3, 21.1, 20.0, -1.806825047E9, 50.0
295, 81.3, 203.3, 9.9, 0.0, 0.01266815, 0.022410944, -1.75654E-4, -2.4674E-4, 0.001231428, 0.020708088, -0.003958614, 0.001064674, 0.009756269, 12.5, 25.3, 33.6, 29.1, 28.6, 52.1, 17.0, 40.0, 11.0, -1.821634584E9, 46.0
296, 76.01, 245.4, 10.0, 0.0, -0.006335257, -0.012297362, 0.001711315, 0.00169702, -7.85083E-4, -0.001727368, 0.014491643, -3.03826E-4, 0.001288432, 11.0, 8.9, 49.5, 14.8, 36.0, 37.6, 22.2, 57.0, 17.6, -1.821634584E9, 30.0
297, 82.2, 260.2, 10.15, 0.0, -0.003915514, -0.002936129, 0.004514325, 0.008598831, 0.006813215, -3.53026E-4, 0.005775517, 0.007955017, 0.002852183, 10.8, 31.1, 40.8, 8.3, 25.3, 33.8, 24.2, 42.4, 17.0, -1.821634584E9, 29.0
298, 71.26, 245.3, 10.31, 0.0, -0.007161671, -0.005587472, 0.00403337, -0.001363635, -0.004139321, 0.009518242, -0.001344163, -0.003856762, -0.002285129, 26.1, 9.8, 13.7, 7.0, 51.2, 34.7, 31.6, 67.8, 18.6, -1.821634584E9, 28.0
299, 87.8, 239.1, 10.46, 0.0, -0.002744684, 0.003557005, -2.1737E-4, 0.002775875, 0.001476488, 0.008060293, -0.007814672, 0.001601952, 2.82E-5, 5.0, 11.4, 21.3, 5.5, 18.8, 16.8, 8.4, 23.6, 8.9, -1.806825047E9, 31.0
300, 87.3, 248.4, 10.67, 0.001, -0.005021298, -0.006337363, 4.52076E-4, -0.007013474, -0.005650891, 6.7E-5, -0.004582092, -0.006702784, -0.00754002, 12.4, 9.9, 38.2, 5.2, 19.6, 23.1, 8.9, 29.1, 8.0, -1.821634584E9, 44.0
301, 82.2, 246.1, 10.84, 0.0, 0.023990399, 0.024778658, 0.007749057, 0.011357184, 0.004726117, -0.002819266, 0.013212057, 0.008422483, 0.006678935, 19.5, 19.5, 73.3, 6.5, 19.0, 42.0, 16.3, 32.8, 28.9, -1.821634584E9, 42.0
302, 85.5, 216.2, 10.98, 0.0, 0.019908239, 0.027046714, 0.005804795, 0.008885227, 0.0042965, 0.011616042, -0.003136078, 0.005994462, 0.011753411, 10.6, 5.7, 17.5, 1.5, 47.8, 20.0, 36.8, 28.0, 56.6, -1.821634584E9, 57.0
303, 89.6, 232.1, 11.08, 0.001, -0.014267377, -0.018503617, -3.25895E-4, -0.001988936, -3.54384E-4, -0.009536449, -3.72974E-4, -0.002990566, -1.18508E-4, 5.7, 8.0, 12.6, 13.5, 20.1, 39.4, 13.4, 31.7, 29.8, -1.821634584E9, 50.0
304, 91.0, 188.6, 11.12, 0.002, -0.00182161, -0.007749177, -0.005099485, -0.004982194, 0.001328292, 0.007482156, -0.012532107, -0.001628348, -0.001747153, 7.4, 5.2, 17.6, 7.1, 9.5, 41.6, 5.0, 25.4, 7.0, -1.821634584E9, 38.0
305, 78.75, 243.0, 11.09, 0.005, 0.008486639, -3.33173E-4, 0.00508233, 8.47123E-4, -9.91624E-4, -0.004682661, 0.003089847, -0.001586534, -0.00595858, 13.2, 6.4, 34.9, 8.5, 14.5, 31.9, 13.6, 17.3, 11.0, -1.821634584E9, 48.0
306, 13.72, 158.6, 9.08, 0.006, 0.008486611, 0.009199751, 0.007145391, 0.004959705, 0.005142217, 0.0, 0.004984515, 0.006135255, 0.002049152, 2.5, 10.8, 42.0, 19.0, 10.9, 23.8, 12.3, 9.9, 3.4, -1.821634584E9, 25.0
307, 21.06, 169.2, 8.66, 0.016, 0.014337851, 0.015642971, -0.005508385, 0.003604767, 7.57609E-4, 0.003787087, -0.006854691, -1.84603E-4, -2.80023E-4, 5.0, 18.5, 73.6, 17.5, 25.5, 42.4, 10.9, 26.5, 10.2, -1.821634584E9, 27.0
308, 15.45, 165.4, 8.7, 0.0, 0.034020727, 0.034281823, -0.001705629, 0.015437439, 0.008715149, 0.001277036, -0.006858168, 0.009993925, -3.32E-5, 9.0, 13.2, 67.2, 17.5, 14.3, 27.0, 6.4, 24.5, 10.5, -1.821634584E9, 34.0
309, 13.1, 159.0, 9.12, 0.0, -0.007637163, -0.0025391, 7.37463E-4, -0.002105608, -0.004304243, 0.015351349, 0.003515045, -0.003365283, 0.004233582, 10.1, 11.9, 16.9, 6.1, 34.3, 44.9, 22.7, 43.8, 31.6, -1.821634584E9, 53.0
310, 16.43, 165.9, 9.32, 0.001, 0.0010159, 0.002987051, 0.005667142, 0.005995017, 0.001349256, -9.00703E-4, 0.018121718, 0.001639787, 0.006657004, 24.2, 18.2, 57.5, 5.0, 31.8, 62.0, 20.2, 52.7, 26.2, -1.821634584E9, 55.0
311, 16.18, 165.3, 9.58, 0.001, 0.001520156, 0.002899896, 4.26E-5, -0.002341598, -0.006746929, 0.010022902, 3.00217E-4, -0.003988002, 0.003322491, 10.9, 13.6, 27.2, 6.5, 13.5, 18.7, 10.0, 16.0, 19.2, -1.821634584E9, 59.0
312, 15.3, 166.8, 10.29, 0.0, -0.00381384, 9.21E-6, -0.003278272, 0.001805466, 0.001286128, -6.49026E-4, 0.005871807, -5.37831E-4, -0.001537399, 13.1, 20.7, 22.7, 6.3, 20.3, 19.0, 11.6, 27.2, 18.6, -1.821634584E9, 57.0
313, 17.91, 172.2, 10.47, 0.0, 0.020479928, 0.023256492, 0.007386521, 0.01323924, 0.011431697, 0.013831836, 0.010798081, 0.011916154, 0.01345158, 14.9, 13.0, 15.0, 4.1, 24.4, 29.3, 12.3, 21.4, 11.8, -1.821634584E9, 64.0
314, 17.29, 165.8, 10.4, 0.0, 0.006075096, 0.006670397, 0.007896758, 0.0, 0.00616038, 0.003700767, 0.002162527, 0.0, 0.001229191, 6.3, 9.8, 35.1, 4.0, 14.3, 12.8, 10.9, 15.7, 21.7, -1.821634584E9, 68.0
315, 16.15, 167.5, 10.35, 0.0, 0.010027432, 0.011553941, 0.0, 0.0, 0.0, 0.004703574, 0.0, 0.0, 0.004452219, 3.6, 5.7, 26.1, 3.3, 18.7, 10.9, 7.4, 32.1, 7.3, -1.821634584E9, 45.0
316, 18.25, 165.8, 10.41, 0.0, -0.004077191, -0.001356801, 0.001682879, 0.002666611, 0.0, -0.005037669, -0.002724989, 0.005250169, 0.002949178, 7.3, 4.6, 9.3, 2.5, 20.8, 22.0, 7.4, 47.8, 15.5, -1.821634584E9, 24.0
317, 17.16, 160.2, 10.48, 0.0, 0.004087933, 0.011301841, -0.005894051, -0.00477771, -0.003170893, 9.31112E-4, -0.004270951, -0.003953149, 0.003124776, 10.5, 7.0, 22.5, 7.5, 22.4, 34.3, 11.5, 46.4, 7.3, -1.821634584E9, 12.0
318, 20.87, 164.8, 10.89, 0.0, -0.003990517, -0.006800986, 0.00336867, -0.008161901, -0.008610225, -0.011097557, 0.013915415, -0.009357213, -0.00362746, 7.3, 7.5, 29.6, 10.4, 10.0, 34.3, 13.0, 23.2, 14.8, -1.821634584E9, 27.0
319, 19.08, 160.2, 11.31, 0.0, 0.013150996, 0.023087673, 0.006661623, 0.012538072, 0.010153609, 0.003230749, -0.005139604, 0.013490297, 0.003942423, 18.2, 5.6, 8.4, 4.6, 27.8, 38.3, 8.6, 56.6, 12.8, -1.821634584E9, 38.0
320, 21.55, 167.4, 11.74, 0.0, -0.006163386, -0.003594491, 0.001765063, 1.58395E-4, 0.001142996, 0.0042358, -0.011307511, 0.002303192, -0.005179159, 16.9, 21.4, 51.5, 7.0, 36.8, 25.8, 18.8, 50.0, 21.0, -1.821634584E9, 43.0
321, 25.7, 162.2, 11.98, 0.0, -0.01276782, -0.01621416, 6.85109E-4, -0.003182307, -0.002755801, -0.008090837, 0.002517575, -0.003337412, -0.003799375, 15.7, 8.4, 25.8, 8.5, 17.4, 41.9, 7.4, 24.9, 13.8, -1.821634584E9, 64.0
322, 22.26, 163.5, 11.84, 0.085, 0.021378817, 0.028145888, 0.011088384, 0.007605621, 0.005987213, 0.003905017, 0.003426713, 0.0061868, 0.007507331, 11.9, 8.3, 25.3, 7.0, 36.7, 39.9, 23.7, 46.2, 18.0, -1.821634584E9, 62.0
323, 23.2, 165.7, 11.62, 0.167, -0.004650074, -0.003290601, 8.42168E-4, 0.002076398, 0.004939216, 0.00612938, -0.007219636, 0.003594524, 5.08E-6, 15.2, 13.6, 13.7, 4.0, 16.7, 15.6, 23.7, 42.3, 29.8, -1.821634584E9, 45.0
324, 20.47, 164.7, 10.93, 0.18, -0.014181169, -0.011798023, -0.01625795, -0.017727677, -0.014003168, -0.015339077, -0.015763662, -0.015112856, -0.012591087, 8.0, 6.8, 35.6, 4.5, 14.2, 12.8, 13.2, 27.2, 12.8, -1.821634584E9, 33.0
325, 0.0, 0.0, 10.89, 0.0, -0.001211584, -0.014212047, 0.004511129, -0.002991089, -0.00280686, -0.017574433, -0.004663629, -0.005225307, -0.015519306, 11.1, 10.6, 24.4, 6.5, 16.8, 24.8, 16.7, 25.1, 24.5, -1.821634584E9, 38.0
326, 2.39, 178.9, 11.02, 0.0, 0.012526916, 0.016708117, 0.008026026, 0.016382873, 0.009694645, -7.4188E-4, 0.003178826, 0.012064507, 0.008943, 5.5, 8.4, 35.3, 3.7, 19.1, 26.0, 28.8, 46.9, 12.3, -1.821634584E9, 31.0
327, 30.44, 167.9, 11.05, 0.011, -0.00741867, -0.003765961, -0.001019431, -0.00541835, -0.010480582, 0.017223137, 9.80505E-4, -0.00889712, 0.002515698, 7.2, 3.3, 22.0, 2.1, 13.1, 23.3, 14.4, 23.4, 21.2, -1.821634584E9, 24.0
328, 38.78, 167.6, 11.04, 0.039, -0.001926377, -0.00118032, 0.002261236, -0.009945965, -0.010203185, -0.012791962, 0.0, -0.012900104, -0.003179646, 3.1, 10.5, 67.1, 7.5, 18.5, 40.3, 12.8, 36.4, 12.9, -1.821634584E9, 19.0
329, 0.0, 150.5, 11.05, 0.0, 0.012008849, 0.015475997, 0.002792559, 0.026140574, 0.015518036, 0.019598292, -0.007435409, 0.015972171, 0.008768359, 5.4, 7.9, 27.1, 10.7, 12.9, 27.5, 7.6, 18.5, 11.0, -1.821634584E9, 42.0
330, 23.07, 167.3, 10.74, 0.0, -0.014084423, -0.017618884, -0.023659567, -0.027634706, -0.026486483, 0.004188857, -0.034882362, -0.029021541, -0.011889142, 15.7, 9.0, 21.5, 8.6, 7.7, 43.9, 11.2, 12.9, 8.4, -1.821634584E9, 49.0
331, 38.98, 181.1, 10.85, 0.023, -0.004895555, -0.020578676, 0.006441938, -0.012278972, -0.003020529, -0.026008978, 0.002177718, -0.011822851, -0.009722941, 28.3, 13.0, 9.5, 5.6, 43.5, 17.5, 18.3, 38.4, 19.9, -1.821634584E9, 36.0
332, 38.37, 168.2, 10.99, 0.003, 0.013199043, 0.025293045, 0.012860144, 0.00990584, 0.005569255, 0.012065368, 0.019639058, 0.012360258, 0.002971064, 7.0, 2.1, 6.9, 1.3, 9.5, 20.0, 12.1, 22.0, 5.2, -1.821634584E9, 27.0
333, 37.72, 164.4, 11.14, 0.001, 0.004356217, 0.008757443, -0.016787736, -0.001499926, -0.011547783, 0.0, -0.00661218, -0.006068731, 0.004164699, 22.2, 12.7, 47.1, 13.9, 16.6, 19.4, 16.4, 24.5, 13.0, -1.821634584E9, 40.0
334, 50.11, 164.7, 11.19, 0.0, -0.009524497, -0.017841335, 0.0130352, 0.005075353, -0.025939946, -0.033259031, -0.00610478, 8.63421E-4, -0.007586866, 69.6, 17.9, 31.4, 4.5, 16.5, 31.8, 12.9, 26.6, 21.0, -1.821634584E9, 56.0
335, 39.0, 159.5, 11.18, 0.001, -0.018303062, -0.021593711, -0.024127171, -0.026297374, 0.0, 0.0, -0.034097312, -0.030722352, -0.01250644, 10.5, 16.5, 13.3, 7.0, 50.4, 24.6, 4.9, 21.3, 12.6, -1.821634584E9, 54.0
336, 34.59, 174.6, 10.98, 0.014, -0.015818452, -0.0280919, -0.006608358, -0.008091769, -0.012871004, 0.0, 6.93465E-4, -0.013654444, -0.013384167, 15.9, 6.6, 17.5, 5.0, 16.3, 35.8, 8.2, 16.2, 6.3, -1.821634584E9, 48.0
337, 42.49, 178.1, 10.93, 0.039, -0.012077182, -0.024921713, -0.032888466, -0.008459008, -0.015260272, 0.0, -0.02337866, -0.017706496, -0.013554059, 22.0, 2.6, 10.6, 6.0, 11.8, 10.8, 13.6, 40.0, 0.5, -1.821634584E9, 37.0
338, 45.85, 171.7, 11.1, 0.01, -0.056752612, -0.076967445, -0.015426629, -0.033241327, -0.026580918, -0.031445668, -0.008599649, -0.033875001, -0.014724997, 5.5, 8.2, 65.9, 5.0, 13.6, 22.1, 15.2, 21.4, 12.8, -1.821634584E9, 28.0
339, 21.79, 150.9, 11.16, 0.076, 0.068951684, 0.100620694, 0.043034725, 0.051629978, 0.050322689, 0.015899612, 0.04024732, 0.067042467, 0.025317649, 12.2, 15.0, 20.3, 8.5, 13.3, 28.7, 9.4, 25.8, 7.4, -1.821634584E9, 43.0
340, 44.45, 175.7, 11.2, 0.032, 2.43026E-4, -0.010619634, -0.003403127, 0.003284778, -0.009923973, -0.011422256, -0.015830571, -0.007264982, -0.006566375, 29.7, 0.9, 12.9, 0.0, 14.6, 16.7, 4.6, 16.2, 8.1, -1.821634584E9, 42.0
341, 47.45, 173.1, 11.36, 0.063, 0.02647418, 0.03099938, 0.013645989, 0.023858036, 0.0091998, -0.001640942, 0.012325743, 0.012905352, 0.00716741, 7.9, 4.7, 3.1, 11.0, 40.9, 60.0, 30.6, 38.0, 8.4, -1.821634584E9, 54.0
342, 47.72, 172.6, 11.96, 0.14, -8.07723E-4, 0.006190107, -0.012219412, 0.011013777, 0.009281581, 0.021559201, -0.006707098, 0.003240997, 0.005779977, 17.6, 9.5, 149.3, 9.8, 27.1, 29.6, 17.9, 14.2, 28.2, -1.821634584E9, 53.0
343, 52.24, 175.6, 11.93, 0.12, -0.038389961, -0.046439624, -0.018979079, -0.031729866, -0.031938096, -0.014992412, -0.021467283, -0.035458268, -0.011049522, 21.7, 13.2, 35.2, 12.4, 49.1, 56.1, 25.4, 75.4, 18.0, -1.821634584E9, 32.0
344, 44.9, 167.0, 12.01, 0.162, 0.005780967, -0.003439788, 0.001108852, 0.001684314, -7.6E-5, -0.02191092, -0.008647641, -5.5238E-4, -0.013753547, 14.6, 6.8, 22.9, 14.3, 22.6, 29.3, 17.4, 22.5, 21.0, -1.806825047E9, 29.0
345, 42.03, 171.3, 11.97, 0.159, 0.016049266, 0.021205697, -0.014297727, 0.014564782, 0.008477032, 6.71928E-4, -0.032741573, 0.013739955, -0.002419064, 29.2, 22.0, 49.5, 9.3, 18.1, 25.4, 8.2, 28.6, 16.7, -1.806825047E9, 27.0
346, 38.08, 162.7, 11.87, 0.19, -0.045388971, -0.0735257, -0.044899189, -0.047922435, -0.045131161, -0.02094789, -0.044516016, -0.046420552, -0.036374727, 9.4, 12.0, 31.5, 7.1, 10.8, 23.0, 10.2, 17.1, 14.5, 3.394987E7, 24.0
347, 32.55, 160.8, 12.16, 0.08, -0.006232065, -0.008072813, 0.014912655, -0.006605063, -0.002012629, -0.02480792, 0.034904051, -8.33535E-4, 0.00112439, 10.8, 6.5, 21.9, 7.5, 17.2, 32.1, 12.5, 21.9, 6.8, -1.806825047E9, 32.0
348, 38.54, 172.0, 11.8, 0.174, 0.008218708, 0.01516534, -0.012992123, -0.004051598, 0.001322477, -0.002675136, -0.005725048, -0.001938918, 0.00511012, 17.4, 17.3, 32.8, 5.7, 26.9, 24.4, 16.7, 42.5, 8.0, -1.821634584E9, 35.0
349, 22.17, 168.0, 10.89, 0.202, -0.043092096, -0.057318925, 3.5387E-4, -0.023640576, -0.025754897, -0.031067697, -0.012275656, -0.026448367, -0.027590293, 13.8, 6.8, 16.7, 4.1, 16.6, 28.6, 6.5, 32.1, 3.0, -1.821634584E9, 42.0
350, 26.53, 163.2, 10.79, 0.203, 0.034723686, 0.043782356, -0.005677006, 0.015397493, 0.019522005, 0.006613466, 0.01685499, 0.019345618, 0.02156199, 15.5, 14.7, 51.5, 4.5, 10.0, 19.9, 11.9, 29.3, 8.1, -1.821634584E9, 43.0
351, 26.25, 167.4, 10.59, 0.195, 0.007264208, 0.014993319, 0.032347213, 0.03063387, 0.030706095, 0.012217841, 0.031110931, 0.029856859, 0.017184219, 4.3, 1.0, 7.5, 3.5, 20.0, 16.7, 3.5, 20.6, 10.7, -1.821634584E9, 56.0
352, 37.04, 165.4, 10.45, 0.1, 0.013409826, 0.019388862, -0.012451871, 0.001521461, -0.001309758, 0.012705619, -0.002337975, -8.67179E-4, 0.007175984, 4.3, 10.1, 8.2, 10.8, 13.4, 58.4, 18.0, 80.0, 15.9, -1.821634584E9, 42.0
353, 13.76, 158.2, 9.81, 0.137, -0.015485635, -0.025179175, -0.017314285, 0.003047731, -0.004849455, 5.85715E-4, 0.017601299, -3.16987E-4, 0.011325081, 3.2, 8.3, 27.7, 5.0, 11.5, 18.7, 7.8, 23.1, 5.6, -1.821634584E9, 48.0
354, 20.89, 165.0, 9.91, 0.126, 0.00138582, -0.007133402, 0.0, 0.002836193, 0.0, -0.005838667, -0.019313905, -0.002435159, -0.015882222, 21.8, 12.4, 61.6, 7.2, 7.7, 13.9, 4.1, 18.6, 3.0, -1.821634584E9, 58.0
355, 45.06, 73.3, 8.08, 0.045, 0.013716279, 0.017966551, 0.025514387, -1.17E-5, -0.0023268, -0.011244189, 0.01766298, 5.55776E-4, 0.003444305, 15.2, 9.6, 23.2, 4.8, 22.5, 22.1, 9.1, 30.3, 14.0, -1.821634584E9, 37.0
356, 0.0, 0.0, 8.15, 0.0, 0.003520353, 0.008177155, 0.004043236, 0.012202052, 0.011561046, 0.031866523, -0.020334679, 0.012310678, 0.011455399, 11.0, 6.1, 31.7, 2.9, 15.5, 22.2, 9.9, 28.4, 8.1, -1.821634584E9, 53.0
357, 7.03, 134.8, 8.42, 0.0, -0.014439062, -0.021635353, -0.035017487, -0.019302705, -0.016484528, -0.001312112, 0.0, -0.021691071, -0.006233492, 13.1, 12.7, 16.5, 2.6, 15.1, 21.7, 17.8, 20.5, 25.0, -1.821634584E9, 30.0
358, 19.01, 50.52, 8.89, 0.0, -0.005624349, -0.015977304, -0.013624434, -0.005729581, -0.011162341, -0.039176073, -0.008025503, -0.009470185, -0.015968381, 14.2, 19.7, 25.3, 4.3, 24.9, 61.2, 15.0, 142.0, 30.4, -1.821634584E9, 27.0
359, 16.14, 57.35, 9.17, 0.0, -0.011897225, -0.014532624, 0.01091624, -0.006183398, -0.008121108, 0.00179865, 0.01093973, -0.008124869, 7.23629E-4, 2.8, 4.0, 32.5, 3.3, 28.3, 28.8, 15.7, 37.2, 8.9, -1.821634584E9, 43.0
360, 15.41, 51.32, 9.36, 0.0, 0.011865737, 0.015006206, -0.005959341, 0.019606982, 0.011429826, -0.010413714, -0.00611345, 0.015901475, 0.0017334, 9.0, 5.7, 19.3, 6.0, 27.7, 29.8, 14.5, 46.7, 4.1, -1.821634584E9, 73.0
361, 15.84, 32.06, 9.05, 0.0, 0.010203012, 0.012652948, 0.029079822, 0.011932368, 0.009120865, 0.01090741, 0.025216549, 0.015173935, 0.010020454, 13.3, 1.6, 44.9, 5.5, 19.9, 51.2, 16.4, 22.6, 20.0, -1.821634584E9, 35.0
362, 13.63, 39.46, 8.99, 0.001, 0.004905756, 0.015163323, 0.004370107, -0.001447405, 0.006060507, 0.016895752, 0.008779882, 0.007070273, 0.00877387, 2.4, 6.6, 13.5, 4.5, 8.2, 8.0, 5.1, 17.6, 8.4, -1.821634584E9, 29.0
363, 25.79, 45.52, 9.08, 0.0, 0.01005563, 0.017462519, -0.001806321, 0.012679226, 0.007409013, 0.017830353, -0.001132628, 0.01186348, 0.007877899, 5.4, 11.4, 12.0, 8.0, 7.7, 35.0, 3.5, 28.0, 9.6, -1.821634584E9, 35.0
