"Month";"??ey";"Akureyri";"Dalatangi";"Gr?mssta?ir";"Keflav?k airport";"Kirkjub?jarklaustur";"Reykjav?k";"St?rh?f?i Westman Islands";"Stykkish?lmur"
"1949-01";;5.2;53.2;2.5;;19.4;9.6;15;12.9
"1949-02";;5.8;26.6;3;;13.9;8.3;17.1;11.4
"1949-03";;7;5.4;1.9;;26.1;8.4;17.2;22.1
"1949-04";;4;40.6;2.3;;20.9;17.8;27.2;8.8
"1949-05";;23.6;48.4;4.1;;6.1;5.5;15;6.8
"1949-06";;6.5;17.4;3;;61;13.2;26.4;11
"1949-07";;10.7;63.8;6.9;;44.3;12.6;16;15.1
"1949-08";;8;33.7;19.6;;53;25.1;39.4;8.9
"1949-09";;10.9;92.2;10.2;;23;18.6;20.8;11
"1949-10";;5;24.3;9.4;;28.2;15.7;15.8;11.4
"1949-11";;17.2;36.8;2.9;;32.2;15;24;10.2
"1949-12";;23.1;20.1;12.6;;39.6;14.2;37.7;11.6
"1950-01";;8.9;69.6;4;;55.7;13.3;34.3;28.8
"1950-02";;10.7;22.3;4.1;;23;4.9;18.4;5.6
"1950-03";;21.6;41.4;2.4;;14.2;13.7;20.2;10.8
"1950-04";;9.9;17.9;3.6;;29;3.2;11.2;1.2
"1950-05";;5.2;22.4;1.5;;49.6;17.5;29.2;6
"1950-06";;1.7;16.4;4.7;;36.8;9.5;16.6;4.7
"1950-07";;10.5;65.7;26.8;;23.6;9.1;8.9;14
"1950-08";;52;64.4;17.4;;24.4;8.3;9.7;22.6
"1950-09";;23;54.9;14.7;;33.8;10.9;10.3;5.2
"1950-10";;24.5;55;10;;59.4;15.7;47.8;15.2
"1950-11";;4.1;59.8;2.9;;33.1;22.9;17.2;21
"1950-12";;16.9;16.4;3.3;;51.4;11.3;24.2;11.4
"1951-01";;15.8;44.5;3.6;;33.9;14.4;25.4;12.8
"1951-02";;13.9;9.2;3;;24.2;9;24.8;8.3
"1951-03";;19.8;20.7;0;;31.6;7.2;12.7;17.7
"1951-04";;10.8;39;0;;46.8;7.6;20;3
"1951-05";;3.7;3.4;1.1;;29.8;4.4;25.8;8
"1951-06";;11.4;33.9;4;;25.5;15.4;16;12.7
"1951-07";;8.1;12.3;7.5;;11.4;12.2;11.4;7.6
"1951-08";;22.4;56.7;21;;18.3;10.5;12;6.4
"1951-09";;10.7;64.2;9.3;;35.4;8;17.6;7.3
"1951-10";;10.6;26.6;4.5;;56.8;9.9;24.2;15
"1951-11";;8.3;27.6;5;;22.1;7.4;24;10.4
"1951-12";;27.5;31;4.5;;39.3;18.1;30.6;13
"1952-01";;14.9;27.5;3;;31.8;30.4;31.9;13.8
"1952-02";;11.9;32;2.1;;42.3;17.7;16.8;21.7
"1952-03";;7.3;25;0;;24.8;8.9;18.5;9.6
"1952-04";;10;22;0;;41.4;4.3;26.5;14.5
"1952-05";;2.8;34.1;3.2;13;22.5;13;26.8;8
"1952-06";;6.4;15.5;3.9;6.3;14.2;5.8;9.2;4.8
"1952-07";;11.8;11.8;22.7;10;18.5;25.1;14.5;6.4
"1952-08";;14;25.3;16.1;26.7;14.3;15.4;26.8;5
"1952-09";;17.4;11.4;20;18;18;18.3;33.3;8.8
"1952-10";;16.6;36.4;9.4;17.8;29.6;21.5;29;11.1
"1952-11";;1.7;8.6;1.5;26.9;20.4;13.9;18.8;26.7
"1952-12";;16.1;17.2;3.5;4.6;29.6;16.7;16;3
"1953-01";;6.6;15.5;4.4;22.6;22.8;17.1;24.8;20
"1953-02";;8;21.9;5;27.1;77.3;40.3;46.6;17.2
"1953-03";;26.4;19.5;3.5;20.4;25.4;18.8;15.8;28.8
"1953-04";;14;16;6.8;10.6;23;17.2;19.9;7.2
"1953-05";;4.5;15.8;2.2;14.8;8.7;16.3;13.5;6.2
"1953-06";;4.3;20.4;6;11.2;58.3;3.7;28.3;9.6
"1953-07";;12.4;66;13;6.3;33.4;9.8;18;8.4
"1953-08";;7.6;32.2;7;21.4;32.7;21.9;16.2;15.3
"1953-09";;6.8;61.5;5;44.9;89;30.9;70.4;18.7
"1953-10";;19.9;56.8;5.1;20.4;43.6;11;25.1;19.1
"1953-11";;15.6;53.7;6.8;22.9;78.2;11.3;38.2;33.4
"1953-12";;11.2;42.5;3.8;21.1;45.6;19.3;26;37.3
"1954-01";19.8;13.8;27.7;3.5;17.1;17.4;17.7;16.5;9.9
"1954-02";12;6.5;61.7;14;39.9;29.4;19.8;30.8;9.7
"1954-03";11.6;23.7;29;1.4;16.9;18.6;10.5;30.4;10.2
"1954-04";11.3;5.1;47.7;4;21.1;20;13.2;18.6;4.3
"1954-05";6.2;9.2;16;3;9.5;35.3;10.7;13;17.3
"1954-06";8.4;10.9;8.3;4.2;8;19;8.1;9.4;7.8
"1954-07";9.2;5.8;32.3;7.5;15.7;20.3;30.6;28.5;9.8
"1954-08";4.1;8.3;64.4;15;27.9;31.9;20.3;15.6;5.8
"1954-09";17.2;14.1;54.9;11;5;30.8;5.6;21;7.5
"1954-10";35;12.7;48.1;5.4;22.6;19.4;17.6;15.4;23.3
"1954-11";39.6;16.1;29.8;4.9;29.5;51.1;26.2;38;24.7
"1954-12";11.3;8.6;21.5;3.9;18;21.1;18;44.8;9.5
"1955-01";15.2;10.3;34.3;4.5;26.6;22.3;21.3;22.8;15
"1955-02";16.8;8.5;26.7;4.2;9;22.8;6.5;15.9;4.3
"1955-03";15.3;6.5;11.3;3.6;17.2;20.7;9.7;14.6;13
"1955-04";8.7;5.4;19.1;3.8;13.8;12.4;12.3;36.1;16.6
"1955-05";8.6;5.1;15;4.7;25.7;41.3;19.2;17.2;12.5
"1955-06";10.5;12.8;22.2;33;21.1;49.9;12.1;11.5;7.8
"1955-07";13.2;6.9;13.1;13.2;21.2;35.1;8.3;45;14.3
"1955-08";22.3;13.2;41.9;3.1;11.6;55.2;11.2;22.8;11.6
"1955-09";15.4;9;42.9;10.7;16.8;25;5.8;23.4;12.8
"1955-10";1.7;8;18.1;5.4;21.9;40.4;8;33.8;13.5
"1955-11";11.4;3.9;50.7;2.5;17;51.4;10.1;24.4;22.5
"1955-12";13.6;14.6;72;3.9;15.2;14;7;24;4.6
"1956-01";9.7;13.2;35.2;14;16;38.2;15.3;20.4;22.2
"1956-02";18.4;3.2;12.2;7;33.2;31.2;30.6;37.1;44.5
"1956-03";6.1;3;23.9;10;11.2;31.6;14.1;38.7;9.3
"1956-04";9;13.2;6;4.2;9.9;22.7;16;9.9;19
"1956-05";7.4;8.2;51.1;8;13.9;28.6;10.1;32.2;11.5
"1956-06";9;7.4;12.3;6.6;16.7;31.1;10.2;19.9;16.5
"1956-07";6.5;6.1;51.8;7.8;15.2;24.7;4.4;11.8;10.1
"1956-08";1.8;11.7;15.1;14.6;5.2;21.4;1.1;8.5;1.8
"1956-09";24.2;16;87.4;12.4;21.9;33;13.1;10.4;38.8
"1956-10";8.8;18.6;40.6;4;30.9;42.9;24.4;26;20.5
"1956-11";15.6;3.2;36;2.9;22.4;34.2;27.3;24.1;26.8
"1956-12";15.8;13;12;12;27.6;39.2;11.9;35;14.9
"1957-01";9;8.2;12;3.2;21.4;33;14.9;20.8;22.6
"1957-02";10.1;8.9;27.2;4.2;10.4;25.6;22.2;19.4;12
"1957-03";11.8;11.9;17.7;4;16.6;49.3;6.6;30.4;5.3
"1957-04";6.1;8.5;31.4;3.2;13.6;27;10;24.1;14.4
"1957-05";8.8;6.8;6.5;4;25.9;55.8;15.9;34.3;13.7
"1957-06";7.7;4.9;5.3;2;7.9;23.6;9.4;16.1;8.6
"1957-07";5.3;5.7;5.6;15.2;12.5;18.3;12.7;16.1;6.8
"1957-08";7.1;11.8;11.6;9.5;18.8;59.9;17.1;35.4;12.2
"1957-09";3.6;10.8;42.5;3;11.2;14.6;11.5;16.5;2.7
"1957-10";30.2;19.4;13.2;3;21.5;28;19;27.4;12.1
"1957-11";9.8;14;19.6;0;18.3;30;13;22.7;10.8
"1957-12";5.5;11;11.3;0;13.4;21.2;17.2;14.4;16.4
"1958-01";10.6;13.1;27.8;0;19.8;41;19.7;22.1;11.1
"1958-02";7.2;11.5;15.6;0;8.6;28.7;7.5;24.2;8.2
"1958-03";5.8;5.1;6.9;0;5.2;22.7;5.7;31.7;5.4
"1958-04";7.6;9.2;15;0;20.9;27.2;21.9;15.5;11
"1958-05";1.5;4;2.2;0;2.8;9;5.6;3.3;3.1
"1958-06";3.3;4;20.2;3;7;15.5;22.3;17.7;5.7
"1958-07";7.9;23.9;5.6;19.5;7.5;19.7;4.2;19;21
"1958-08";4.2;5.5;56.7;10.2;6.8;19.7;4.8;29.1;7.6
"1958-09";9.5;0.4;28.3;1.5;23.4;36.2;9.4;23.5;15
"1958-10";25.9;19.5;57;3.1;21.3;50;18.5;34.7;16.2
"1958-11";23.2;12;15.9;6;29.3;35.9;29.1;31;61.2
"1958-12";24.4;13.4;18.3;2.7;11.8;26.4;8.4;35.9;9.7
"1959-01";7.2;5.8;6.2;0;19.4;48.2;8.4;16.2;23.8
"1959-02";19.1;12.8;24.6;0;33.6;31.7;29.2;23.2;25.6
"1959-03";13.5;7.2;27.9;4.5;16.1;30.6;17.8;19.4;17.5
"1959-04";5.2;6.1;15.7;6.1;7.2;21.3;12.1;20.2;9.7
"1959-05";7.9;3.8;26.8;5.4;15.7;30.2;9.1;57.2;12.4
"1959-06";13.3;13.7;10.1;10.8;15;38.1;16.6;22.5;9
"1959-07";6.1;9.4;38.4;7.5;11.6;40.6;18.8;40.8;20.5
"1959-08";7.6;10.6;41.1;15;21.8;40.8;34.6;50.8;20.1
"1959-09";12.3;6.9;52.1;4.9;54.1;43.4;49.2;44.9;30
"1959-10";16;12.8;21.8;3;26.7;56.5;19.9;40.4;30.1
"1959-11";25;16.2;25.6;7.3;12.4;32.5;10.5;26.1;10.7
"1959-12";11.3;17.3;32.8;5.1;14.2;26.7;12.5;28.4;10.1
"1960-01";11.3;5.5;15.5;5;13.6;22;11.3;29.6;13.7
"1960-02";19;6.5;22.5;10.6;21.7;59.7;18.4;13;47.3
"1960-03";4.6;12.6;17.4;11.5;13.6;20.8;12.8;21.3;10
"1960-04";7.8;8.8;27.8;10;19.2;41.7;14;20.3;10.7
"1960-05";15.8;7.5;47.9;5.7;10.6;20.2;9.6;16.1;10.7
"1960-06";12.3;3.4;14.5;13.8;46.3;36.4;15.3;40.6;35.2
"1960-07";2.1;19.3;54.4;7.2;21.3;46.6;16;39.8;11
"1960-08";8.5;2;10.5;6.7;9.5;3;4.6;2.7;3.7
"1960-09";5.6;4.7;27.1;6;24.9;35.8;11.8;20.4;7
"1960-10";5.2;4.5;41.6;4.4;16.6;45.3;14.2;18.2;10.4
"1960-11";7.1;10.2;22.9;12;20;27.9;8.7;22.6;18.3
"1960-12";20.1;33;32.3;6.3;47.4;43.6;10.6;51.6;11.5
"1961-01";37.7;10.7;30.1;5.3;23.8;29.1;14.6;25.1;15.5
"1961-02";9.9;15.9;11;7.8;19.4;34;12.4;25.1;16.8
"1961-03";7.8;6.4;20;5.8;26;43.4;11.2;34;14.8
"1961-04";4;6;36.7;4.6;8.9;29.6;7.5;32.3;7.8
"1961-05";5.5;8.7;29.7;3.7;16.3;32.2;5.6;45.5;15.4
"1961-06";26;11;38.3;12.3;8.5;19.6;5.7;47;10
"1961-07";10.2;16.1;6.7;20.2;8.6;12.3;11.4;12;4.6
"1961-08";13;17.8;20.7;25.7;33.7;39.2;12.5;25.6;9.3
"1961-09";37;14.4;42.8;36.5;14.2;24.8;13;17.5;11.2
"1961-10";12;6.2;31.2;29.5;12.9;49.4;8.4;40.1;9.9
"1961-11";31.3;19.6;18.8;10.2;20.1;37;15.9;32.2;22.1
"1961-12";4.2;6.7;35.2;9.5;11.4;18.9;20.1;16.1;8.2
"1962-01";18.5;16.6;28.3;3.6;17.3;28.8;17.6;18.6;15.8
"1962-02";14.5;6.8;7.2;5.5;22;28.2;12.9;30.6;27.6
"1962-03";6.1;9.1;4.2;5.4;3.4;3.3;1.2;4.1;2
"1962-04";12.5;5.6;11.1;3;29.9;111.3;22.5;31.7;23.1
"1962-05";4.5;1.9;27.7;3;8.3;15;6.3;18.4;5
"1962-06";64.2;42.3;45.2;7.7;13.6;46;14.5;24.3;5.2
"1962-07";12;14.6;5.4;11.5;23.7;29.9;7;18.4;11
"1962-08";2.5;5.9;52.7;13.4;9.4;36.7;10;18.2;5
"1962-09";13.1;9.1;33.7;5;29;26.4;18.4;36.4;15.7
"1962-10";10.8;18.4;27.3;7.2;17.6;31.6;20.2;27.7;13.5
"1962-11";6.3;4.6;25.3;6.1;29.3;14.7;14.3;27.7;22
"1962-12";10.5;14.9;29.1;4;16.6;33.7;16;33.5;42.8
"1963-01";14.8;1.7;2.5;;12.7;20.2;13.8;8.7;20.1
"1963-02";21.6;8.9;8.7;4.3;19.7;29.8;10.5;24.4;16
"1963-03";8.3;14.6;34.5;2.8;23.5;31.3;18.3;17.7;6
"1963-04";8.6;16.5;63.5;6.1;22.9;17;10.7;17.2;7.8
"1963-05";14;12.8;23.6;8;27.4;32.3;7;26.7;10
"1963-06";5.1;9.9;38.7;5.7;12.3;17.8;9.6;20.9;8.2
"1963-07";49.7;11.3;39.5;14;13.1;40.7;9.3;32.3;6.7
"1963-08";8.6;3.9;28.9;4.7;4.1;17.8;2.2;9.1;11
"1963-09";7.5;11.4;26.1;14;32.2;27.8;28.5;29;22
"1963-10";10.9;12.4;39.5;12.5;13.5;34.2;7.6;25.5;7.6
"1963-11";14.5;18.4;21.3;4;22.3;39.8;20.1;18.5;30.8
"1963-12";8.3;6.8;33;4.2;18.3;28;16.2;26.3;9.8
"1964-01";7.4;6.9;18.7;4.2;16;32;19.7;60.6;17.5
"1964-02";14;2.4;29.4;2.8;26.7;19.5;15.5;15;21.5
"1964-03";5.9;5.9;27.8;9.5;15.9;30.7;16.3;18.2;8.2
"1964-04";8.1;28;59.6;4.3;5.2;13.5;6.2;9.9;12.2
"1964-05";17;7.4;28.3;7.5;9.8;34;4;9.5;5.2
"1964-06";5.6;2.4;52.7;7.2;29.7;27.5;12.3;28.6;20.3
"1964-07";10.2;9.2;11.2;20.3;15.8;19.7;10.9;18.4;14.7
"1964-08";24.5;16.5;27.1;14;11.9;14.4;10.7;8.1;8.5
"1964-09";4.5;5.2;25.7;9.5;25.9;34.6;13.4;26.3;4
"1964-10";27.2;15.4;5.9;6.3;24.4;49.1;15.6;26.9;13.2
"1964-11";12.4;4.5;21.5;8.1;19;23.6;19.3;30;14.3
"1964-12";20.6;21.2;18.3;6.5;40.1;50.4;11.6;53;7.2
"1965-01";14.7;27.4;22.5;5.2;22.4;28.1;12.6;39;15.4
"1965-02";10.8;6.8;11;7.5;17.1;8;16.1;19;7.8
"1965-03";3.6;5.5;17.2;5.2;8.8;31.1;5.8;7.4;7.1
"1965-04";15.3;4.5;32.7;6.7;8.3;25.4;9.6;16.8;14.2
"1965-05";0.6;6.7;32.6;1.5;7.5;18.7;6.2;11.9;4.3
"1965-06";5.5;4.6;64;7.5;11.8;28.3;8.1;13.7;12.6
"1965-07";9;8.6;14.2;3.7;12.8;38.7;6.3;21.5;6.4
"1965-08";15.2;3.4;44.9;4.7;11.5;35.6;5;23.7;4.2
"1965-09";9;8.4;38;6.5;19.2;24.5;14.3;40.5;14.5
"1965-10";19.9;9.1;28;3.7;29.8;39.6;35.7;31.4;48.5
"1965-11";6.3;14.9;13.3;8.5;17.6;12.6;20.2;24.7;18
"1965-12";6.6;6.5;44.9;2.2;10.3;25.4;22.8;10.4;9.4
"1966-01";23;11.2;58.1;6.7;15.3;64.8;22.2;33.8;10
"1966-02";14.9;11.5;25;4;8.2;7.1;3.3;15.8;13.8
"1966-03";8;6.7;30;4;20.3;27;14.8;33.6;6.7
"1966-04";6;7.5;58.3;2.3;19.9;18.4;8.8;50.2;13.7
"1966-05";6.8;3.3;26.9;7.2;20.5;38.2;8.5;53.4;8.1
"1966-06";7.2;8.1;41.2;8.8;16.4;40.8;10.2;29.2;12.5
"1966-07";5.7;20;9.9;25;11.9;26.2;34.1;12.3;12.9
"1966-08";8.3;4.5;33.6;9.2;71.9;68.1;31;69.5;44.7
"1966-09";9.4;2.9;38.4;6.2;19.9;20;12;9.4;20.5
"1966-10";8.1;10.4;32.9;7.2;22.5;25.6;17.5;12.5;13.2
"1966-11";12.4;9.3;17.5;7.3;35.7;42;12.9;36.9;16
"1966-12";28.3;9.9;11.2;5.2;11.3;20.1;6.9;45.6;7.2
"1967-01";9;5.9;51.1;5.4;21.6;62.9;12.1;23.4;22.6
"1967-02";8.8;12.9;40.4;4.9;10;15.5;11.5;15.8;9.6
"1967-03";11;13.5;17;5.3;14.5;32.9;9;22.2;10.4
"1967-04";7;7.1;13.1;3.1;12.8;26.2;10.4;14.9;13.1
"1967-05";3.1;5.9;78.3;5.5;19.9;15.3;15.8;21.2;7.6
"1967-06";5.5;4.3;26.3;11;12.9;29.9;9.4;20.3;14.7
"1967-07";12.6;15.1;60.7;16.4;13.6;22.8;21.5;12.6;17.2
"1967-08";10.8;6.2;13.9;5.5;26;27.1;18.5;16.8;31.8
"1967-09";14.5;4.1;12.4;9.8;27.7;21.9;40.9;14.2;25.5
"1967-10";13.6;30.2;37.4;10.3;10.4;29.4;15.6;16.3;14.6
"1967-11";12.7;8.8;9.3;6.2;22.3;16.6;16.1;33.8;13.8
"1967-12";13.7;10.1;26.8;5.3;27.3;37.1;44.7;45.4;25.4
"1968-01";8;10.2;11.9;4.5;11.2;19.3;8.7;46.6;7.5
"1968-02";18.1;7.8;19.1;2.2;32.2;56.6;37.8;14.2;40.8
"1968-03";5.4;20.9;10.6;8.5;17.1;14.9;21;62;9.4
"1968-04";8.8;10.7;26.1;5;25.8;27.3;8.5;18.4;23.5
"1968-05";0.8;2.4;8.9;3.8;15;26.5;6.5;22.5;7.5
"1968-06";3.1;14.8;35;5.5;12.2;36.1;13.1;17.3;6.4
"1968-07";2.3;6.4;39.2;10.2;7.7;29.7;6.6;10.8;9
"1968-08";62.8;6.9;28.1;19;25;44.2;10.1;48.2;18.3
"1968-09";9.7;3.5;27.4;5;14.2;26.3;11.1;32.2;18.3
"1968-10";3;8.3;38.5;4;10;20.7;10.6;23.9;3
"1968-11";15.5;9.6;87.4;5.9;13.2;94.9;13;28;17.4
"1968-12";9.3;6;24.9;5.2;32.1;18.4;16.8;23.3;19.8
"1969-01";9.9;7.5;27;4.2;11.6;6.9;14.8;26.9;7.6
"1969-02";6.3;14.6;15.7;10;12.5;30;13.2;40.2;10.7
"1969-03";10.5;9.9;9.5;5;37.8;38.8;28.6;9.9;26.2
"1969-04";10.4;6.8;9.9;4;16.2;28.2;12.2;26.1;31
"1969-05";0.4;1.4;6.9;1.5;10.5;22;10.2;22.7;9.6
"1969-06";8.2;6.4;42.8;12;20.4;35.4;21.3;71.1;11.8
"1969-07";5.4;14.1;31.2;16;23.5;27.2;16.3;27.3;12
"1969-08";15;9.1;20.6;6;25.2;61.6;10.5;45.4;12
"1969-09";11.7;4.3;9.2;3.6;17.3;36;18.2;42.5;12.9
"1969-10";32;11.6;40.5;4.7;31.4;42.1;13.2;24.5;26.3
"1969-11";26.2;19.2;18.8;4.5;9.1;8.2;7.6;14.1;8.6
"1969-12";9.8;4;36;3;17;50.2;15.7;21.1;8.6
"1970-01";9.2;30.9;48.9;7.5;9.4;33.7;16.7;40;12
"1970-02";10.7;11.4;86.3;4.9;20.6;27.5;14.3;37.9;15.6
"1970-03";10.5;7.6;10;6.8;13.5;11;20.4;27.6;19.6
"1970-04";3.2;17.1;27.9;2.2;18.1;16.5;14.4;30.8;6.7
"1970-05";11.3;7.8;19.8;2.5;30.1;18.6;14.5;31;16.4
"1970-06";5.3;7.4;2.8;2.2;19.2;25;16.3;17.6;14.8
"1970-07";6;9.9;77.7;22;18;13.2;7.3;26.3;12.8
"1970-08";17.2;7.9;25.6;4.5;11.4;67.9;24.2;58.1;16.7
"1970-09";7.6;13.8;45.9;7;40.9;32.6;16.1;19.2;7.2
"1970-10";33.4;21.4;10;14.9;32;63.4;33.3;32.7;33.5
"1970-11";84.5;13.6;15.8;13;13.2;12.1;6.5;47.3;4.3
"1970-12";12.3;14;21.1;3.3;24.7;21.6;15;16.9;22
"1971-01";14.6;15.7;20.2;18.7;6.5;13.7;10.3;10.1;5.7
"1971-02";27.8;6.8;20.9;5.2;16.6;34.8;17.2;17.1;31.3
"1971-03";12.7;10;42.3;4;42.1;24.9;16.1;59.7;10
"1971-04";9.4;12;70.9;2;13.6;33.6;13.2;32.5;10.9
"1971-05";6.6;8.8;24.3;7.1;15.2;23.4;8.2;10.8;8.5
"1971-06";0.5;3.3;27.3;9.3;3;9.1;1;5.6;0.7
"1971-07";12.8;9.6;29;13.7;28.7;25.2;23.3;18.5;29
"1971-08";9.8;14.7;52.6;17.2;9.7;20.5;12.3;14.6;9.6
"1971-09";22.2;9.1;50.5;7.8;15;44.5;8.2;27.5;16
"1971-10";8.7;10.5;34.3;5;20.1;51.2;19.8;42.1;21.6
"1971-11";9.1;10.3;28;5;18.8;18;18;28.5;15.2
"1971-12";8.5;16.7;33.2;5.7;17.5;28.7;12.1;23.6;21
"1972-01";25;9.1;24.6;7.8;23.3;27.3;26.3;24.7;37.2
"1972-02";6;7.6;20.9;1.3;19.8;37.8;21;27.4;38
"1972-03";10.6;6.8;10.8;8.5;37.1;52.5;30.1;30.2;27
"1972-04";12.1;4.6;44.5;4;17.2;29.8;14.6;34.7;20.1
"1972-05";10.2;20.7;26.7;1.6;19.1;22.4;11.5;19.2;8
"1972-06";54.9;30.9;33;10.9;12.5;22.7;6.8;28.8;7.4
"1972-07";8.2;13;14.5;15.7;30.6;47.2;8.7;46.7;18.2
"1972-08";10.5;4.5;12.4;13;30.5;24.1;10.3;54.3;11
"1972-09";13.2;9.4;28.4;8.2;14.3;24.9;22.4;40.3;11.3
"1972-10";57;38.7;133.8;11.4;37.4;33.4;21.6;18.8;34.6
"1972-11";14.2;18.7;49.7;8;15.6;26.2;10;14.6;11
"1972-12";18.2;15.1;39.9;4.2;18.5;41.5;14;20.8;14.9
"1973-01";9.6;7.6;34.2;16;13.9;53.3;13.7;22.7;13.7
"1973-02";10.5;12.7;34.1;8.5;17.7;25.6;22.1;35.6;22.3
"1973-03";12.5;4.6;23.7;3.6;14.2;25.1;12.4;19.4;15.9
"1973-04";4.9;23;36.4;15.2;6.7;19.8;14.4;21.1;5.6
"1973-05";3.9;3.8;15.9;3.2;10.2;37.9;6;19.7;7.4
"1973-06";6;17.4;9.9;20.5;17;28.3;6.3;21.1;15.6
"1973-07";30;5.2;22.6;10.1;12.5;11.3;20.3;21.1;20
"1973-08";12.5;25.3;33.6;29.1;28.6;52.1;17;40;11
"1973-09";11;8.9;49.5;14.8;36;37.6;22.2;57;17.6
"1973-10";10.8;31.1;40.8;8.3;25.3;33.8;24.2;42.4;17
"1973-11";26.1;9.8;13.7;7;51.2;34.7;31.6;67.8;18.6
"1973-12";5;11.4;21.3;5.5;18.8;16.8;8.4;23.6;8.9
"1974-01";12.4;9.9;38.2;5.2;19.6;23.1;8.9;29.1;8
"1974-02";19.5;19.5;73.3;6.5;19;42;16.3;32.8;28.9
"1974-03";10.6;5.7;17.5;1.5;47.8;20;36.8;28;56.6
"1974-04";5.7;8;12.6;13.5;20.1;39.4;13.4;31.7;29.8
"1974-05";7.4;5.2;17.6;7.1;9.5;41.6;5;25.4;7
"1974-06";13.2;6.4;34.9;8.5;14.5;31.9;13.6;17.3;11
"1974-07";2.5;10.8;42;19;10.9;23.8;12.3;9.9;3.4
"1974-08";5;18.5;73.6;17.5;25.5;42.4;10.9;26.5;10.2
"1974-09";9;13.2;67.2;17.5;14.3;27;6.4;24.5;10.5
"1974-10";10.1;11.9;16.9;6.1;34.3;44.9;22.7;43.8;31.6
"1974-11";24.2;18.2;57.5;5;31.8;62;20.2;52.7;26.2
"1974-12";10.9;13.6;27.2;6.5;13.5;18.7;10;16;19.2
"1975-01";13.1;20.7;22.7;6.3;20.3;19;11.6;27.2;18.6
"1975-02";14.9;13;15;4.1;24.4;29.3;12.3;21.4;11.8
"1975-03";6.3;9.8;35.1;4;14.3;12.8;10.9;15.7;21.7
"1975-04";3.6;5.7;26.1;3.3;18.7;10.9;7.4;32.1;7.3
"1975-05";7.3;4.6;9.3;2.5;20.8;22;7.4;47.8;15.5
"1975-06";10.5;7;22.5;7.5;22.4;34.3;11.5;46.4;7.3
"1975-07";7.3;7.5;29.6;10.4;10;34.3;13;23.2;14.8
"1975-08";18.2;5.6;8.4;4.6;27.8;38.3;8.6;56.6;12.8
"1975-09";16.9;21.4;51.5;7;36.8;25.8;18.8;50;21
"1975-10";15.7;8.4;25.8;8.5;17.4;41.9;7.4;24.9;13.8
"1975-11";11.9;8.3;25.3;7;36.7;39.9;23.7;46.2;18
"1975-12";15.2;13.6;13.7;4;16.7;15.6;23.7;42.3;29.8
"1976-01";8;6.8;35.6;4.5;14.2;12.8;13.2;27.2;12.8
"1976-02";11.1;10.6;24.4;6.5;16.8;24.8;16.7;25.1;24.5
"1976-03";5.5;8.4;35.3;3.7;19.1;26;28.8;46.9;12.3
"1976-04";7.2;3.3;22;2.1;13.1;23.3;14.4;23.4;21.2
"1976-05";3.1;10.5;67.1;7.5;18.5;40.3;12.8;36.4;12.9
"1976-06";5.4;7.9;27.1;10.7;12.9;27.5;7.6;18.5;11
"1976-07";15.7;9;21.5;8.6;7.7;43.9;11.2;12.9;8.4
"1976-08";28.3;13;9.5;5.6;43.5;17.5;18.3;38.4;19.9
"1976-09";7;2.1;6.9;1.3;9.5;20;12.1;22;5.2
"1976-10";22.2;12.7;47.1;13.9;16.6;19.4;16.4;24.5;13
"1976-11";69.6;17.9;31.4;4.5;16.5;31.8;12.9;26.6;21
"1976-12";10.5;16.5;13.3;7;50.4;24.6;4.9;21.3;12.6
"1977-01";15.9;6.6;17.5;5;16.3;35.8;8.2;16.2;6.3
"1977-02";22;2.6;10.6;6;11.8;10.8;13.6;40;0.5
"1977-03";5.5;8.2;65.9;5;13.6;22.1;15.2;21.4;12.8
"1977-04";12.2;15;20.3;8.5;13.3;28.7;9.4;25.8;7.4
"1977-05";29.7;0.9;12.9;0;14.6;16.7;4.6;16.2;8.1
"1977-06";7.9;4.7;3.1;11;40.9;60;30.6;38;8.4
"1977-07";17.6;9.5;149.3;9.8;27.1;29.6;17.9;14.2;28.2
"1977-08";21.7;13.2;35.2;12.4;49.1;56.1;25.4;75.4;18
"1977-09";14.6;6.8;22.9;14.3;22.6;29.3;17.4;22.5;21
"1977-10";29.2;22;49.5;9.3;18.1;25.4;8.2;28.6;16.7
"1977-11";9.4;12;31.5;7.1;10.8;23;10.2;17.1;14.5
"1977-12";10.8;6.5;21.9;7.5;17.2;32.1;12.5;21.9;6.8
"1978-01";17.4;17.3;32.8;5.7;26.9;24.4;16.7;42.5;8
"1978-02";13.8;6.8;16.7;4.1;16.6;28.6;6.5;32.1;3
"1978-03";15.5;14.7;51.5;4.5;10;19.9;11.9;29.3;8.1
"1978-04";4.3;1;7.5;3.5;20;16.7;3.5;20.6;10.7
"1978-05";4.3;10.1;8.2;10.8;13.4;58.4;18;80;15.9
"1978-06";3.2;8.3;27.7;5;11.5;18.7;7.8;23.1;5.6
"1978-07";21.8;12.4;61.6;7.2;7.7;13.9;4.1;18.6;3
"1978-08";15.2;9.6;23.2;4.8;22.5;22.1;9.1;30.3;14
"1978-09";11;6.1;31.7;2.9;15.5;22.2;9.9;28.4;8.1
"1978-10";13.1;12.7;16.5;2.6;15.1;21.7;17.8;20.5;25
"1978-11";14.2;19.7;25.3;4.3;24.9;61.2;15;142;30.4
"1978-12";2.8;4;32.5;3.3;28.3;28.8;15.7;37.2;8.9
"1979-01";9;5.7;19.3;6;27.7;29.8;14.5;46.7;4.1
"1979-02";13.3;1.6;44.9;5.5;19.9;51.2;16.4;22.6;20
"1979-03";2.4;6.6;13.5;4.5;8.2;8;5.1;17.6;8.4
"1979-04";5.4;11.4;12;8;7.7;35;3.5;28;9.6
"1979-05";3.4;6.4;67.9;3.5;19.4;21;6.5;24.7;2
"1979-06";5.2;9.8;8.9;11;14.8;17.9;10;24;9
"1979-07";3.7;5;20.8;6.1;15.5;15.1;16.5;22.8;13.4
"1979-08";5.8;4.2;85.5;9.4;11.9;26.1;9.8;43.5;6.8
"1979-09";60.8;17.7;74.5;8.8;23.5;41.6;14.2;85.8;12.8
"1979-10";16.2;3.4;35;2.6;21.3;43.3;20.1;35.4;28.9
"1979-11";44.9;15.6;22;3.3;24.5;35;22.8;145.9;19.1
"1979-12";8.3;9.3;23.1;5.4;14.8;22.9;16.1;23.7;13.2
"1980-01";14.3;11.8;23;4.3;14.1;25.5;10.8;24.7;6.1
"1980-02";4.1;5.3;31.2;11.9;23.8;38.8;16.9;24.9;26.1
"1980-03";4.6;11.9;17.9;1.3;25.1;61.2;26.6;62.1;8.3
"1980-04";11.2;5;10;2.7;23.6;40.9;17.6;41.2;11.6
"1980-05";3.5;3.2;36.9;4.2;11.1;51.2;8.1;26.2;7.9
"1980-06";8.4;13.8;73.9;9.8;4.9;26.4;4.3;11.1;3.7
"1980-07";5.6;5.8;8.1;7.7;13.9;15.1;5.3;17.3;13.2
"1980-08";4.9;9.2;25;10.2;44;23.3;35.8;22.5;10.5
"1980-09";13.1;9.9;159.8;3.8;13.2;35.6;10.5;15.8;7
"1980-10";15.4;9;42.9;3;35.7;43.4;20.2;38.9;5.9
"1980-11";5;11.3;10.3;6.1;25.2;91.3;10.8;28;24.6
"1980-12";5.6;7.6;13.7;5.7;47.2;18.7;15.1;40;18.2
"1981-01";10.8;11.2;23;5.1;18;22.9;14.5;60;14.2
"1981-02";14.3;14.8;22.6;7.5;21.1;20.8;14;27.8;10
"1981-03";11.4;12.3;19.5;7;29.9;17.8;11.9;22.8;6.8
"1981-04";5.3;5.9;18.4;3.3;17.8;21.5;17.3;52.6;19.2
"1981-05";5.2;3;8.7;6.6;10;11.5;20.5;29.4;11.4
"1981-06";11.9;5.2;21.1;10;14.4;17.8;11.9;17;11.2
"1981-07";9.5;7.6;20.8;17.8;9.2;14.1;6.1;12;4.9
"1981-08";8.9;14;25.4;20.6;16.2;49.9;13.8;46.7;18.6
"1981-09";51;25.3;61.3;17.1;5.7;19.1;11.9;14.8;21.4
"1981-10";29.4;13.6;19.8;5.7;10.6;15.2;10.6;25.6;3.9
"1981-11";7.4;9.1;47.4;6;31.2;40.6;12.4;55;6.1
"1981-12";16.1;19.6;17.3;4.1;21.1;15.2;16.3;47.1;11.9
"1982-01";4.8;20.3;51.8;6;19.8;27.5;21.2;33.6;13.3
"1982-02";7.3;9.8;72.5;5;60.3;27.7;31.4;58.4;18.5
"1982-03";10.4;11.6;13.2;10;16.9;24.2;12.2;16.7;10.6
"1982-04";7;7.3;18.3;3.9;9.8;30.6;9.7;20;10.7
"1982-05";5.3;7.8;26.2;6;13.5;24.2;8.7;35;5
"1982-06";7.2;8.5;5.6;1.5;27.3;16.7;13.7;14.4;23.7
"1982-07";16.7;11.5;28.8;14.3;27.7;44.4;25.8;30.1;18.4
"1982-08";26.2;21.6;20.6;20.5;20.7;30.1;11.2;18.5;4.7
"1982-09";50.4;17.7;58.7;14;25.1;23.8;11.4;44.2;13.5
"1982-10";67;19;46.2;22.2;14.5;20.9;11;38;12.8
"1982-11";13.8;16.9;33;21.5;21.9;27.5;17.4;70.6;9.9
"1982-12";10.9;16.8;14.3;5.5;21.8;40.9;20.3;27.2;15.4
"1983-01";49.4;23.7;83.5;6.7;18.6;18.9;24.1;19.3;17.4
"1983-02";8.7;16;26.1;4.9;22.7;38.6;9;33.3;9.3
"1983-03";9.9;18.4;56.8;5.2;39.2;57.1;33;42.4;26.7
"1983-04";7;18.3;25.8;3.3;15.8;8.8;13.6;39.4;10.7
"1983-05";1;6.9;64;1.2;7.7;10.4;4.6;13.4;2.4
"1983-06";16.3;27.4;31;24.4;18.3;37.9;13.4;29.3;19.2
"1983-07";17.5;10.6;7.8;10.8;38.1;19.8;13.3;37.8;11.2
"1983-08";14.6;11.1;18.6;20.4;34.9;25.2;26.7;59.2;14.7
"1983-09";10.1;6.6;51.7;5.9;11.2;8.5;12.2;24.1;16.6
"1983-10";14.3;18.3;200;5.4;27.5;31;28.3;32.9;23.4
"1983-11";13.6;27.7;34.8;8.6;9.7;20.8;9.4;26.6;17.7
"1983-12";19.5;20;21.3;3.8;37.3;24.7;25.1;50.3;31.9
"1984-01";25.8;12.9;37.1;7.2;24.3;18.3;13.3;33.9;17.3
"1984-02";13.7;36.9;20.9;18.9;27;62.4;19.7;53.8;16
"1984-03";5.9;9.3;21.1;4;27.9;21.8;14.9;21.2;11.5
"1984-04";11.4;9.1;16.4;4.6;17.6;36.7;24.9;43.6;5.7
"1984-05";11.8;4.4;4.4;5.2;15.5;16;21.6;19.5;4.7
"1984-06";4.6;6.8;22.3;8.4;26.1;27.4;20.4;21;18.1
"1984-07";13.8;4;8.7;9.9;29.1;23.1;23;24.8;14.3
"1984-08";18.6;11.1;21.9;8.2;30.7;32.8;42.4;42.6;19.1
"1984-09";12.3;20.4;54.1;5.4;32.1;72.6;13.8;66.7;10.6
"1984-10";36.8;16;37.5;16;19.7;32.7;16.8;67.9;9.1
"1984-11";7.9;10.9;51.4;5.3;25.5;31.3;22;22.3;49.3
"1984-12";9;14.4;45;2.8;24;20.3;23.7;36;10.2
"1985-01";6;10.6;10.5;4.1;24.7;41.9;15.8;57.6;8.7
"1985-02";6.2;3;5.4;4;13.5;14.2;16.1;16.3;3.5
"1985-03";9;14.3;17.8;3.5;19.8;36.8;16.4;42;6.7
"1985-04";11;7.9;26.8;5.5;14.6;13.6;13.6;33.8;4.5
"1985-05";29.5;26.9;14.1;8.4;6.1;24.3;3.1;19.6;6.5
"1985-06";0.3;5.4;22.4;5.1;13;15.3;8.6;21;9.5
"1985-07";21.5;13.2;58.5;20.2;12.7;48.1;10.3;17.8;8.9
"1985-08";3.9;17;99.7;11.9;8.3;30.5;9.1;9.2;2.2
"1985-09";18.5;3.8;30.6;5.2;13.7;35.8;15.2;18.2;9.4
"1985-10";13.5;16.3;46.9;6.6;22.4;36.7;30.1;16.4;36.5
"1985-11";17.6;7.7;15.9;3.7;29.9;26.4;15.3;27.5;12.2
"1985-12";8.5;19.6;29.4;3.8;7.6;8.6;9.8;19.5;8.7
"1986-01";13.1;21.2;26;6.6;23.3;30.2;15.3;40.6;10
"1986-02";7.9;0.6;14.9;0.2;41.5;18.7;34;48.3;29.8
"1986-03";11;9.3;34.3;3.7;18.8;48;28.2;25.1;16.9
"1986-04";17.9;7.9;14;3.3;21.2;15.3;17.1;21.2;7.7
"1986-05";48.4;30.6;68.4;6.2;10.4;9;11.4;14.2;2.8
"1986-06";8.4;7.7;14;9.5;13;37.7;10.1;13.2;12.8
"1986-07";19.1;8.7;38.6;5.2;23.5;26.9;16.8;26.2;9.4
"1986-08";6;2.5;8.2;3;15.3;24.4;7.5;22.9;14.8
"1986-09";11.1;6.4;41.9;4;17.1;17.4;6.4;14;13.1
"1986-10";13.5;8;24.1;6;13.9;47.1;10.6;51.5;10
"1986-11";23.6;25.7;53.1;5;20.1;32.8;16.5;35;5.7
"1986-12";5.6;9.1;24.8;;29.6;32.1;20.6;28.8;9.1
"1987-01";4.1;2.2;10.8;;14.7;30.8;13.5;22.1;10.4
"1987-02";4.8;12.2;42.5;2.5;30.4;21.1;32;14.8;15.6
"1987-03";17;6.9;21;4.6;32.7;37.3;15.7;42.3;13.9
"1987-04";8.7;15;19.9;;24.7;25.4;20.8;28.4;10.4
"1987-05";7;1.2;5.3;1.4;13;17.2;10.4;24.7;11
"1987-06";2.7;4.4;32.4;2.6;2.1;7.3;4.8;2.5;1.5
"1987-07";10;12.1;45.3;8.6;13.2;14.4;13.8;45.6;14.7
"1987-08";4.3;5.7;9.9;3.2;14;20.6;6.6;26.2;7.9
"1987-09";38.3;15.9;70.3;3.6;13.4;25.3;6.2;23.1;5.2
"1987-10";8;17.9;44.3;6.2;11.1;33.6;20.4;27;39.4
"1987-11";9;21.4;25.1;8.5;27.9;33;15;28;20.2
"1987-12";17.6;11.4;30.7;;12.5;25.6;17.7;22.8;14.2
"1988-01";6.1;10.3;45.3;;26.3;22.8;9.3;23.1;11.5
"1988-02";10.3;16.2;27.8;2;13.4;18.4;18.4;16.4;10.3
"1988-03";9;5.1;33.1;3;19.5;15.1;15.3;32.6;16.3
"1988-04";4.1;24.9;27.3;;10.1;18.5;5.2;24.8;5.9
"1988-05";8.7;7.4;42.7;23;16.3;25.2;16.8;20.6;9.7
"1988-06";6;3.7;9.9;5.6;23;49.3;13.7;44.5;17.5
"1988-07";10.8;10;40.3;17.3;13.6;37.4;13.2;24.2;15.4
"1988-08";23.9;17.3;74.1;6.5;20.2;49.3;15.4;28.1;18.2
"1988-09";25;15.1;52.9;11.4;13.7;20.6;8.8;8.7;10.3
"1988-10";48;7.3;50.8;8.2;20.7;62.4;26.3;54;15.6
"1988-11";15;7.6;19.7;3;24.5;19.4;14.3;32.8;8.3
"1988-12";10.2;12.4;20.4;2.1;15.7;23.2;11.2;27.5;24.1
"1989-01";10.5;26.6;23.9;7.2;24.2;33.1;18;26.7;42.7
"1989-02";8.3;29.9;17.6;10.3;20.4;23.8;16.6;26.6;19.9
"1989-03";6.3;41.3;25.7;5.4;25.7;20;15.4;15.7;21
"1989-04";10.5;15.3;28.6;5.8;31.3;33.1;48.2;37.6;20
"1989-05";38.9;6.6;20.3;3.6;26.3;58.3;26.7;42.8;15.6
"1989-06";5;2.8;45.6;3.1;21.3;19.4;6.2;12.2;8.2
"1989-07";9;16.2;29.8;7;18.3;40.2;13.8;25.4;7.8
"1989-08";13.5;22.6;44.4;14.1;35.6;19.3;20.7;50.6;21.1
"1989-09";19.1;10.9;25.8;12.3;25.6;29.4;20.8;23.8;18.1
"1989-10";16.1;4.9;30.6;6.2;10.8;23.1;9.4;14.3;8.8
"1989-11";4.5;20.1;13.8;6.2;19.3;23.2;15.9;26.3;12.6
"1989-12";6.2;10.2;10;3;15;40.5;15.4;29.1;15.4
"1990-01";27;14.1;25.6;5.6;25.2;28.5;22.3;30;13.2
"1990-02";11.1;18.3;59;5.2;4.2;20.3;3.7;19.1;7.3
"1990-03";6.8;9;37.9;3.1;43.3;21;24.9;28.2;15.4
"1990-04";4.3;5.6;9.8;2.1;13.5;17;9.2;27.4;20.6
"1990-05";9.2;3.1;4.4;4.1;29.1;25.4;23.5;48.9;30.3
"1990-06";6.7;4.9;13;8.1;7.7;13.6;10.4;15.3;14.9
"1990-07";8.2;3.2;27.7;;32;35.4;8;43.7;7.8
"1990-08";20.6;12.5;29.1;4.8;20.1;40.7;10.5;19.1;14.1
"1990-09";18.6;9.7;41.1;;37.9;27.8;33.9;25.1;16.8
"1990-10";26.5;15;61.7;6.9;12.5;41.3;11;21.4;10.6
"1990-11";31.4;9.3;85.9;4.3;19.5;21.3;15.5;24.8;10.5
"1990-12";7;11.5;24.6;0.8;19.6;16.2;12.6;39;22.8
"1991-01";11.5;27;35.4;0.7;20;23.1;21;20;25.6
"1991-02";32;30.4;24.8;2.7;28.1;27.5;22.2;29.1;40.6
"1991-03";24.9;12.2;43.4;7.1;21.9;28.6;11.6;22.2;22
"1991-04";14.2;12.1;62.8;4.8;14.8;26.9;8.3;34.7;15.1
"1991-05";16.5;14.6;19.9;19.3;23.7;22.9;21.6;36.1;12.8
"1991-06";1.2;5.5;7.4;9.9;9.2;7.7;5.8;9.1;2.2
"1991-07";10;16.6;36.3;15.7;21.5;29;10.7;41;10
"1991-08";5.9;3.6;6.9;12.1;25.1;28.1;22.8;26.3;17.4
"1991-09";33.8;7.4;44.3;8.2;14.2;20.9;15.8;17.2;18.3
"1991-10";46;28.2;46.8;13.9;29.1;42.2;21.7;62.7;9.9
"1991-11";56.3;33.6;32.7;13.3;15.3;32.4;19.8;29.3;11.8
"1991-12";17.6;4.5;12.3;1.5;25.1;28.4;24.8;27.7;36.7
"1992-01";10;18;21;8.5;24.1;40;17.5;30;43.4
"1992-02";23.6;6.8;18.3;8.6;17.7;35.8;18.5;24.3;20.6
"1992-03";15.6;27.7;36.5;2.6;30.3;15;33.5;30.7;33.3
"1992-04";3.2;13.9;32.7;2;9.6;14.3;9;17.9;8
"1992-05";13.2;4.2;37.6;7;15.8;15.5;16.5;11;18.1
"1992-06";37.5;10.9;7.8;7.6;27.3;35.2;18.3;42.9;16.6
"1992-07";9.7;5;71.7;7.4;7.4;12;6.7;10.2;7.1
"1992-08";14.5;27;47.4;8.8;21.7;57;12.7;48.5;10.9
"1992-09";16.4;13.2;46.8;13.1;10;30.9;9;19;7.5
"1992-10";12.2;10.9;28.6;12.1;17.2;18.8;13.1;25.1;19.5
"1992-11";33;12.8;20.1;7.5;21.3;32.3;32.6;33.3;15.9
"1992-12";14.5;16;24.1;4.3;27.1;29;19.5;24.6;18.8
"1993-01";13.7;6.2;29.4;15.5;16.4;23.5;14.6;17.9;14.4
"1993-02";9.9;6.2;18.5;2.3;11.4;16.1;11.4;18.8;17.7
"1993-03";11.8;9.3;12.8;12.6;15.3;25.2;17.3;50.2;24.5
"1993-04";13;7.6;28.5;0.9;14.8;25.1;5.7;26.9;7.2
"1993-05";6.5;5.4;54.7;6.4;18.4;55.7;11.2;31;19.6
"1993-06";14.3;4.5;43.7;6.8;8.7;41.1;19;27.8;12.5
"1993-07";10.6;4.6;27.8;14.1;12.2;23.6;12.8;15.4;4.3
"1993-08";9.6;9.8;30;9.6;20.8;25;15.9;26.1;13.2
"1993-09";18.1;5.2;21.5;4.4;35.6;53.7;19.6;48.8;24.2
"1993-10";1.6;2.1;7.7;2.7;10.9;32.5;6.5;27.4;10.4
"1993-11";26.5;12.9;66.9;10.5;23.5;23.1;35.2;21.9;38.8
"1993-12";16.5;14.4;37.5;4;11.2;11.4;17.5;23.3;7.8
"1994-01";32;11.8;23.3;8.4;27.8;18.2;15.1;43.5;13.2
"1994-02";10;12.4;21.9;4.5;30;29.4;24;31.5;12.2
"1994-03";8.4;5.1;29;3.7;23.3;31.8;18;41.4;11.7
"1994-04";12.8;8.8;28.5;3;17.8;19.1;8;14.9;15.8
"1994-05";6.2;2.2;9.6;9.4;29.7;23;35.9;29.7;5.8
"1994-06";4.2;13.1;60.7;8;31.1;32.1;15.1;32.6;6.7
"1994-07";6.6;8.1;37.8;5.5;14.9;41.3;16.4;19.5;4
"1994-08";22;13.8;104;14;10.7;31.9;9.2;22.7;3.7
"1994-09";5.4;2.3;9.7;8.7;35.9;46.3;9.4;28.8;15.3
"1994-10";20.7;12;48.7;12.9;32.9;28.9;9.8;25.3;10.1
"1994-11";8.2;9.8;59.5;9.1;19.1;44;19.6;31.5;30.3
"1994-12";19.6;10.6;29.7;6.7;14.1;39.7;13.4;27.1;32.6
"1995-01";21.6;18;38.7;6.3;23.8;28.1;13.8;29;31.5
"1995-02";2;24.8;21.4;3;12.2;26.7;12.9;19;13.4
"1995-03";7.6;18.8;28;10;15.6;54.9;9.2;21.6;20.3
"1995-04";7.2;3;16.4;3;23.4;22;7.4;14.6;9.5
"1995-05";3.5;18.4;33.8;5.1;10.6;24.1;4.5;8.2;6.2
"1995-06";23.2;2.6;22.7;4;12.1;30.3;7.9;41.3;8.7
"1995-07";22.4;11.2;32.4;6;17;31.2;13.7;20;20.1
"1995-08";12.2;11;6.9;4.9;14.7;55.4;12.1;22.4;13.5
"1995-09";2.2;8.9;34.9;5.5;13.6;29.5;13.5;35.9;4.6
"1995-10";71.1;25.3;92.6;11.3;13.5;27;12.2;33.2;10
"1995-11";4.5;4.5;17.3;3.6;10.2;23.6;3.6;12.6;6
"1995-12";16.5;7.3;37.2;12.2;28.2;27.3;28.6;27;5.7
"1996-01";;4.9;39.8;2.9;21.4;15.7;27.4;8.9;30.2
"1996-02";14;14.8;13.8;3.9;19.4;43.3;25.5;23.9;9.8
"1996-03";9;2.3;8.8;0.7;16.1;15.6;19.3;21.1;13.7
"1996-04";21;6.8;49.4;2.8;15.3;26.4;17.1;10.7;16.4
"1996-05";4;3;16.7;3.9;16.9;16;8.1;23.2;6.3
"1996-06";10.6;7.1;53.8;10.5;23.3;36.8;28.3;27.6;21.8
"1996-07";6.1;7.8;34.4;8.5;15;27.9;9.5;26.3;6.8
"1996-08";9;27.7;22.3;4.1;17.6;25.5;15.5;18.1;11.6
"1996-09";10.7;17.3;44.8;7.9;30.6;28;13.2;34.5;12.7
"1996-10";42.4;18.4;97.9;5.9;12.7;25.1;10;19.2;18.3
"1996-11";7.2;7.7;7.4;7.7;18.2;24.3;20.8;25.6;7.6
"1996-12";8.2;7.2;35;9.5;12.9;17.3;10.5;16.7;5.7
"1997-01";9.1;15.2;23.8;3.5;10.2;19.1;17.1;21.6;14.9
"1997-02";16.2;17.8;30.7;4.8;18;30.4;14.6;24.8;30
"1997-03";8.6;9.4;25.7;5;22.1;23.1;17.9;27.2;10.9
"1997-04";5.3;2.5;13.3;1.9;12.8;12.7;7.3;18.7;5.7
"1997-05";3.8;1.4;13.3;8.3;18.4;27.3;5.8;18.8;7.1
"1997-06";7;4.2;23;14.7;6.6;21.2;5.6;11.3;3.8
"1997-07";14.8;13.6;62.5;20.9;24.2;38.1;39;23.3;22
"1997-08";11;8.5;39.9;13;15.4;25.3;21.1;16.2;12.7
"1997-09";22.3;11.7;60.6;6.5;21.8;48.4;15.4;33.4;15.5
"1997-10";44.3;23.8;92.4;7.3;24.1;9.3;12.1;35.6;20.4
"1997-11";10.5;15.2;41;5.7;30.8;20.2;29;34.3;16.1
"1997-12";26.1;16.5;16.8;1.7;28.1;73.2;26.9;34.1;13.5
"1998-01";29.8;11.2;66.4;7.5;22.7;22;20.3;18.4;3.5
"1998-02";7.2;12.8;22.2;5.5;22.1;21.3;11;16.8;5.5
"1998-03";4.1;8.6;35.5;5.5;16.8;17.3;13.1;11.3;8.3
"1998-04";8.1;6.9;18.6;5.5;5.9;19.3;7.9;8.5;9
"1998-05";6.7;2.8;19.4;2.9;19.4;18.1;14.7;35.3;7.1
"1998-06";3.7;7.3;39;11.3;14;23.4;6.3;11;3.6
"1998-07";7;14.8;10.6;9.7;15;17.4;17.7;15.3;8.7
"1998-08";9.8;6.8;17.3;20.3;41.5;71.6;24.7;52.9;27.1
"1998-09";11.6;9.7;85.9;9.8;12.2;19.4;4.9;16.8;8.9
"1998-10";12.1;17.9;32;3.8;21.6;41.8;28.3;27.6;6.4
"1998-11";25.2;12.4;43.8;13.6;15.2;50.5;15.5;27.7;12
"1998-12";21.6;22.4;34.5;5.4;31.4;65.9;15.1;34.5;7.6
"1999-01";7.7;15.2;41.3;5.2;24.3;19.2;16.1;31;7.3
"1999-02";8.7;11.6;13.5;4.4;26.8;33;13.4;17.8;4.2
"1999-03";46.5;22.6;26.6;4.6;15.7;8.2;4.3;12.1;6.6
"1999-04";10;9.6;17.5;5.7;19.4;9;8.3;26;4.5
"1999-05";6.7;12.9;36.3;20.9;23.8;21.6;12.6;25.2;7.5
"1999-06";10.2;13.7;19.9;10;27.2;33.6;7.2;31.3;14.6
"1999-07";6.5;6.9;47.2;10.6;19.7;22.6;11.9;25.7;8.1
"1999-08";18.3;16.7;17.8;3;15.5;30.8;12.5;20.3;8.1
"1999-09";56.5;22.6;65.8;16.1;29.1;38;16.9;16.1;9.7
"1999-10";35.2;28.4;31.9;8.7;47.1;27;27.8;32;43.8
"1999-11";8.2;17.4;19;11.3;10.6;20.6;13.2;13.4;5.3
"1999-12";14.5;10.8;26.3;3.4;26.1;46.1;18.5;45.4;9.8
"2000-01";3.3;13.6;24.7;5.2;14.9;11.6;19.6;15.7;6.9
"2000-02";7.8;18.6;19.9;10.2;19.3;13.5;18.3;28.9;8.4
"2000-03";18.8;8.6;23.9;6.7;47.6;18.3;29.5;51.5;21.3
"2000-04";16.3;2.5;10.2;2.1;11;22.6;5;18;1.7
"2000-05";9.2;6.7;8.5;3.4;20.5;29.8;13.3;30;5.2
"2000-06";8.5;5.3;23.5;12.8;22;21.5;11.9;15.8;18.2
"2000-07";8.8;8.1;2.7;3.3;10.6;48.9;7.8;30;10
"2000-08";9.1;20;48.1;14.7;24.5;26.6;28.2;19.9;7.6
"2000-09";10.6;14.1;55.4;8.4;38.5;11;27.4;38.1;42.2
"2000-10";22.6;15.3;48.5;3.8;32.5;17.9;47.8;25.5;34.8
"2000-11";46;28.3;43.6;9.7;11.1;14;2.9;8.2;6.8
"2000-12";16.6;11.1;55.4;10.1;17;22.6;28.8;24.4;8
"2001-01";10.6;7.5;24.2;7.5;19;41.8;18.8;21.2;16.8
"2001-02";17.5;7.3;39.7;2.6;24;81.9;10.2;20;20.8
"2001-03";8.5;6.8;67.6;6.4;15.1;11.7;15.1;10;5.7
"2001-04";4.6;10.8;21.7;6.1;15.5;29;6.5;35.7;4.8
"2001-05";11.4;3.1;42.4;6.2;34.4;21.9;16.9;28.3;25.3
"2001-06";12.1;6.6;45.7;2.3;17.1;19.1;7.8;21.3;13.3
"2001-07";15.9;9.7;25.9;42.6;23.4;30;25.7;41;8
"2001-08";3;9;38.2;14;22.8;39;21.5;29.5;8
"2001-09";6.1;5.4;67.9;9.2;38.7;26.3;20.9;37.6;8.3
"2001-10";31.5;51.9;94.3;8.4;21.9;28.4;12.7;39.1;23.9
"2001-11";4.7;14.8;12.6;2.5;22.4;32.6;10;66.8;11.8
"2001-12";22.2;4.3;44.7;5.7;9.9;18.1;11.8;9.4;14.8
"2002-01";13.2;15.4;25.9;11.5;17.2;37.3;14.2;27.4;19.9
"2002-02";11.8;14.5;21.4;6;14;12.7;9.5;13.3;16.9
"2002-03";18;7.9;37.8;0.9;22.9;32.4;19.3;19.5;9.7
"2002-04";5.8;3.8;41.1;9.4;21;72.2;13.7;28.6;11.7
"2002-05";11.7;6.6;25.2;10.4;10.5;25.8;5.2;47.3;7.5
"2002-06";1;13.3;60.5;12.6;8.5;27.8;10.5;15.4;4.5
"2002-07";14.9;9.8;29;14.7;15.6;18.8;8.1;26.5;13.1
"2002-08";21.6;19.6;33.1;18.7;33.7;26.9;19.1;31.3;22.6
"2002-09";15.6;41.9;21.3;6.8;21.7;44.5;24.6;50.6;25.1
"2002-10";4.8;10.5;42.7;7.8;18.7;43.7;13.8;30.1;7
"2002-11";28.9;21.1;41.2;8.4;22.7;21.2;21.2;37.6;7
"2002-12";15.2;6.8;34.8;6.1;45.5;52.9;20.6;39.3;22.4
"2003-01";13.8;8.2;77.6;8.5;16.6;17.6;7.1;28.8;6.2
"2003-02";10.4;11.1;28.4;3.4;25.7;54.3;18.3;50.1;9.4
"2003-03";16.2;20.5;47.8;3;22.6;34.2;15.3;27.7;16.4
"2003-04";6.9;4.3;36.2;6.4;23.9;42.7;19;24.4;16.7
"2003-05";3.9;11.5;50.5;18.8;13.2;14.2;16.7;15.3;10.8
"2003-06";6.8;6.4;37.7;8.3;13.6;44.8;15.9;17.2;6.7
"2003-07";5.7;12.6;46.7;6.5;21.4;33.2;14.8;24.7;6.3
"2003-08";8.8;14.6;20.1;8.2;24.9;42.5;19.4;16.7;7.3
"2003-09";45.9;13.8;75;10.1;13.8;31.7;8.2;15.5;15.1
"2003-10";11.8;7.9;39.7;4.3;10.9;35.6;6.9;22.5;7.8
"2003-11";13.1;19;24.4;7;17.1;27.2;18;28;12.4
"2003-12";8.9;13.9;18.6;6.4;26.8;24.2;19.8;37.8;17.7
"2004-01";5.2;20.9;28.7;10.5;18.1;24.3;9;35;11.3
"2004-02";34.5;5.2;48.1;6.8;20.3;30.2;7.9;22.6;32.5
"2004-03";6.6;14;29.9;4.2;32.1;40.4;26;38.5;31.4
"2004-04";7.5;4.2;33.3;7.7;33.7;24.5;26.8;14.8;15.2
"2004-05";8.9;6.2;24.3;12.8;15.1;19.4;16.8;12.4;11.8
"2004-06";8.3;4.8;35;4;21.5;41.9;15.9;31;5.5
"2004-07";4.6;9.4;124;8.7;24.8;33.2;16.3;18.8;6.1
"2004-08";5.5;4.5;35.2;2.2;14.9;44.2;16.8;35.1;9.1
"2004-09";42;17.9;102.8;15.7;27.6;27.9;13;61;15.2
"2004-10";100;32.3;90.3;9.9;21.9;34.9;13.4;27.4;16.4
"2004-11";8.4;20.1;32.3;12.8;22;40;14;36.8;20
"2004-12";7.7;7.6;18.5;4;18.7;35;10.1;24.3;24.8
"2005-01";9.1;18.8;36.4;4.5;17;71.1;13.8;59;12.2
"2005-02";6.9;4.3;12.8;4;40.2;17.3;30.1;23.3;20.3
"2005-03";6.5;6.7;11.8;3.5;9.9;25.5;6.3;26.8;6.8
"2005-04";4.1;9.4;16;6.2;27.6;19.6;18.5;35.2;8
"2005-05";2.3;2.2;2.1;2.5;13.4;12.2;6.1;2.7;3.2
"2005-06";2.8;21.5;16.5;7.7;16.2;35.9;13.3;25.9;8.9
"2005-07";9.3;15.5;44.8;13.2;13.7;31.6;8;17.6;7.7
"2005-08";9;18.6;40.3;14.2;22.5;35.2;10.4;36.3;14.4
"2005-09";67.1;23.5;98.1;7.1;18.7;32.8;12.6;32.2;11.2
"2005-10";14.2;13.6;55.4;6.3;21.6;38.1;8.4;20.3;17.7
"2005-11";10.7;14.1;38.3;5.4;14.3;41.9;12;29;5.9
"2005-12";9;11.3;24.4;7.9;19.6;24.1;26.8;23.8;22.8
"2006-01";17.3;6.4;29.7;7.5;22.1;43.9;17.8;29.9;24.5
"2006-02";16.5;13.1;50.2;4.9;16.2;42.9;19.3;27.2;35.3
"2006-03";8.2;16;36.7;4.9;12;20.1;16.7;23.9;7.7
"2006-04";9.4;7;25.4;16.1;19.3;29.6;15;22.9;14.4
"2006-05";8.8;8.3;10.3;3.1;9;30.5;10.5;28.5;3.1
"2006-06";23.6;3.6;16.1;4.9;21.7;28.3;12.9;17.2;46.5
"2006-07";16.2;6.7;50.5;13;23.3;45;7.2;36.7;14.5
"2006-08";8.8;13.1;43.6;18.7;13.2;20.3;9;15.9;16.1
"2006-09";9.2;18.1;44.8;6.9;13.5;38;14.6;35.4;16.8
"2006-10";39.8;20;54.7;6.4;35.9;23.5;38.7;44.4;15.8
"2006-11";53.5;21.9;25.2;5.3;31.2;34;15.9;52.7;22.7
"2006-12";25.6;16.8;42.4;5;25.2;44;21.4;45.2;15.4
"2007-01";9.6;8.5;18.1;6;12.6;28.1;10.1;26;6.4
"2007-02";15.1;5.5;19.6;1.7;12;21.9;18.4;26.8;8
"2007-03";24.5;18.8;22.4;10.6;20.5;21.8;15.8;42.3;24.4
"2007-04";8.2;14.6;23.1;7;22.7;51.4;9.8;24.8;20.9
"2007-05";10.1;6.7;42.3;6.8;11.9;8;6.2;11.6;11
"2007-06";2.3;0.2;23.2;5.7;21;17.2;10.1;10.9;20.1
"2007-07";4.7;7.2;33.7;6.4;13.2;13.6;6.8;6.1;5.9
"2007-08";14.3;15.9;53.7;9.4;27.1;27.9;23.2;33;21.5
"2007-09";27.7;18.7;101.3;29;26.6;76.8;23.5;64.3;25.2
"2007-10";56;30.3;56.8;13.3;27.4;49.3;33;51.5;18.8
"2007-11";6.5;2.4;41.8;3.9;18.1;32.7;11.3;43.2;12.2
"2007-12";28.7;11.2;41.8;6.6;29.4;36.6;29.6;36.3;55.6
"2008-01";11.5;8.5;22.9;3.5;12.7;30.2;16.6;40.4;23.7
"2008-02";13.2;23.6;26.4;6.2;18.2;27.3;21.2;29.3;22
"2008-03";17.2;14.6;45.6;2.9;20.5;29.5;15.7;23.7;17.9
"2008-04";9.3;6.1;53.2;2.6;18.4;21.7;6.9;21.8;5.7
"2008-05";8.6;3.4;36.3;5.5;12.8;25.8;6.3;16.1;21.7
"2008-06";5.6;13;16.1;5.4;4.7;24;8.1;19.9;4.8
"2008-07";10.3;13.2;40;7.7;23.6;20;10.7;33.3;21.2
"2008-08";15.3;5;9.5;3.9;10.6;22.3;10.3;28.2;10
"2008-09";18.5;10.5;56.5;4.9;36.6;35.5;38.8;43;68
"2008-10";24.1;25.9;24.5;10.4;15.7;23.3;14.4;39.7;8.7
"2008-11";5.6;8.1;17.4;5.7;10.6;44.6;9.6;32.4;13
"2008-12";14.7;8.4;18.1;23.3;22.5;45.1;20.2;38.8;27.9
"2009-01";28.7;20.6;52.1;6.8;18.5;29.4;15.1;24.4;24.6
"2009-02";11.3;13.1;44.1;1.7;15.9;18.4;12.6;24.8;16.9
"2009-03";18.3;12.3;26.8;7;14.5;29.8;14;24.2;11.4
"2009-04";10.6;9.3;26.3;3.6;13.5;31.1;19.1;38;12.8
"2009-05";6.5;10;17.9;5.5;9.5;15.4;10.7;17;18.8
"2009-06";8.1;10.6;13.8;7.3;5.5;16.1;6.7;19.5;5.7
"2009-07";6;10.7;24.6;6.1;8.3;12.7;4.7;10.1;10.9
"2009-08";35.4;12.6;138.2;10.3;11.2;26;11.7;23.2;12.2
"2009-09";9.6;17.4;13.8;6.7;15.2;27;13.8;43;20
"2009-10";21.4;14.3;52.8;5;23.5;72.8;20.1;93;13.9
"2009-11";29.4;16.6;32.6;3.9;18.2;43.7;20.1;41;14.3
"2009-12";17.4;21.2;20.4;5.4;14.3;70.2;18.4;36.5;9.4
"2010-01";10.5;0.3;35.6;1.1;21.8;35.5;18.6;51.5;20.4
"2010-02";5.5;17.9;10.5;4.2;4.1;8;9.3;19.2;5.1
"2010-03";10;14.5;14;3.6;7.8;29.2;12.7;21.8;20.6
"2010-04";41.6;12;82.2;8.9;5.8;51.1;10.9;34.6;5.3
"2010-05";3.1;11.8;8.8;7.9;6.9;22.6;8.2;16;8.7
"2010-06";3;0.7;16.8;3.7;7.4;12.6;11.7;16.1;3.4
"2010-07";7.3;10.2;104.1;7;34.5;19.9;8.6;15.7;10.1
"2010-08";20.6;14.3;58.4;9;17.5;43.1;16.4;50.6;9.7
"2010-09";8.5;19.9;36.8;44.8;27.8;80.7;21.2;26;14.2
"2010-10";21.8;11.2;65.8;3.7;17.6;29.4;7.4;14.1;16.6
"2010-11";13.7;25.5;41.5;12.8;15;17.6;11.8;23.8;10.7
"2010-12";9.4;14.7;61.1;3.5;18.8;73.4;18.1;76.3;22.4
"2011-01";7.8;18.9;16.6;4.4;13.3;34.9;14.8;24.1;26
"2011-02";10.9;6.8;21.3;6.3;16.8;44.9;18.8;50;19
"2011-03";9.1;19.9;18.4;6;25.7;47.6;15.1;33.8;20.6
"2011-04";6.7;7.8;30.2;8.8;11.1;31.7;12.7;28.8;9.8
"2011-05";11.1;13.1;57.2;15;18.3;38.1;38.8;20.9;18.8
"2011-06";1.8;4.3;75.7;11.7;4.2;25.6;3.5;11.6;6.1
"2011-07";11;3.9;35.2;8.9;15.8;35.9;11.4;23.5;11.7
"2011-08";12.8;7.4;46.2;13.2;6.3;29.8;5.7;24.8;5.2
"2011-09";13.4;13.7;40;16.6;25.3;52.3;16.2;34;24.9
"2011-10";53;25.7;40.4;19.3;19.8;75.8;15.1;37.3;30.6
"2011-11";32;17.9;39.6;4.3;19.7;37.3;13.9;28.4;31
"2011-12";11;8.8;34;3.8;13.6;21.1;11.4;21.6;15.2
"2012-01";3.7;9.6;18.6;13.7;22.9;88.8;19.9;50.9;17.3
"2012-02";29;6;17.7;7;13.7;34.1;11.5;35.5;13.5
"2012-03";4.5;11.4;19.8;20.5;19.7;41;17.1;35.9;13
"2012-04";10.3;9.6;24.8;10.6;14.2;18.6;20.5;11.5;12.4
"2012-05";11.9;5.6;50.3;2.2;3.8;20.8;5.5;13.9;9
"2012-06";2.1;3.5;19.3;3.6;1.3;39.2;4.4;11;0.6
"2012-07";11.1;8.5;27.3;7.2;8.4;35.5;6.2;22.9;14.4
"2012-08";5.8;5.8;18.1;4.4;36.2;39.9;15.6;15.3;8.7
"2012-09";27.6;42.8;24.6;29.9;30.6;34;20.4;44;21.3
"2012-10";;11.5;30.5;12.7;17.8;23.4;17.8;27.8;9.6
"2012-11";;17.1;58.9;15.4;19.7;28.3;19.3;18.5;8.8
"2012-12";;10.7;26.8;5.8;29;95.1;54.6;58.2;7.4
"2013-01";;7.8;28.1;11;29.9;43.9;13.5;36.7;14.2
"2013-02";;9.8;17.5;4.8;16.1;69.2;19.7;24.8;12.1
"2013-03";;12;4.5;7.1;11.2;14.8;12;20.8;12.7
"2013-04";;9.5;14.1;8.5;9.4;35;13.7;28;3.6
"2013-05";;15;58.3;5.9;12;27.7;8.3;22.6;11.6
"2013-06";;2.5;6.7;11.1;19.9;22.7;11;33.5;21.5
"2013-07";;6.7;6.8;7.3;18.3;26.3;14.7;37.2;23.8
"2013-08";;3.9;34.6;5.2;24.4;23.4;21.2;28;55.2
"2013-09";;22.4;67.3;16.2;21.5;29.5;19.1;49.1;36.8
"2013-10";;35.6;31.6;9.1;3.8;18.5;6.9;20.6;3.5
"2013-11";;7.2;26.1;6.3;23.7;32.7;22.1;35.9;13.7
"2013-12";;19.2;30.5;11.6;6.2;18.2;7.3;19.9;23
"2014-01";;11.4;39.3;4;10.5;;14.1;33.3;7.7
"2014-02";;21.6;26.5;3.5;5.5;;4.4;41.7;0.5
"2014-03";;15.2;29.8;6.4;25.4;;17.9;40.2;17.8
"2014-04";;4.2;72.6;1.3;7.7;;7.8;29.3;9.3
"2014-05";;2.3;49.3;11.5;10.9;;9.1;17.3;7.1
"2014-06";;8.6;9.6;16;18.3;;22;12.8;9.8
"2014-07";;15.1;30.8;16.3;43.6;;17.5;37;10.2
"2014-08";;10.1;26.4;22.5;27;;37.6;34.5;15.3
"2014-09";;10.6;24.2;12.5;23.8;;16.1;29.1;13.2
"2014-10";;5.4;32;11.5;25.9;;14.5;21.9;9.8
"2014-11";;12.6;59.7;11.2;17.1;;16.7;;20
"2014-12";;23;20.6;6.8;21.5;;20.2;;19.9

